,label,youtube_id,time_start,time_end,split,is_cc,video_name
0,abseiling,pF2JgvHZrOs,40,50,train,0,pF2JgvHZrOs_000040_000050.mp4
1,abseiling,0N3Jb5UHg8Y,68,78,train,0,0N3Jb5UHg8Y_000068_000078.mp4
2,abseiling,rJ9bFFtMGMM,4,14,train,0,rJ9bFFtMGMM_000004_000014.mp4
3,abseiling,IhrIfQbdjiM,7,17,train,0,IhrIfQbdjiM_000007_000017.mp4
4,abseiling,yBEJ_4e1-7M,5,15,train,0,yBEJ_4e1-7M_000005_000015.mp4
5,abseiling,EENhxyHcpYM,162,172,train,0,EENhxyHcpYM_000162_000172.mp4
6,abseiling,Aj-fFZx-GLw,172,182,train,0,Aj-fFZx-GLw_000172_000182.mp4
7,abseiling,DYM59HPH9-s,28,38,train,0,DYM59HPH9-s_000028_000038.mp4
8,abseiling,SBEN9in3HZk,3,13,train,1,SBEN9in3HZk_000003_000013.mp4
9,abseiling,m8Pm5kmCuqI,64,74,train,0,m8Pm5kmCuqI_000064_000074.mp4
10,abseiling,Anmq_WzU_Uk,31,41,train,0,Anmq_WzU_Uk_000031_000041.mp4
11,abseiling,zQ8G8D52KG8,38,48,train,0,zQ8G8D52KG8_000038_000048.mp4
12,abseiling,WfTEnPj3R_E,10,20,train,0,WfTEnPj3R_E_000010_000020.mp4
13,abseiling,9kja4yMINUI,152,162,train,0,9kja4yMINUI_000152_000162.mp4
14,abseiling,dxiQHHuWisA,96,106,train,0,dxiQHHuWisA_000096_000106.mp4
15,abseiling,ym-44usN7Ec,16,26,train,0,ym-44usN7Ec_000016_000026.mp4
16,abseiling,RMdk187QnSI,0,10,train,0,RMdk187QnSI_000000_000010.mp4
17,abseiling,MIIbU2xZcUY,32,42,train,0,MIIbU2xZcUY_000032_000042.mp4
18,abseiling,ccvR-ZtPIGs,263,273,train,0,ccvR-ZtPIGs_000263_000273.mp4
19,abseiling,AWp3-Ai1atM,59,69,train,0,AWp3-Ai1atM_000059_000069.mp4
20,abseiling,SiqHAo-wcZE,448,458,train,0,SiqHAo-wcZE_000448_000458.mp4
21,abseiling,RjZzuSL5Vx4,174,184,train,0,RjZzuSL5Vx4_000174_000184.mp4
22,abseiling,NlLzuNVGl8U,40,50,train,0,NlLzuNVGl8U_000040_000050.mp4
23,abseiling,WdztC_jCzwE,65,75,train,0,WdztC_jCzwE_000065_000075.mp4
24,abseiling,r-E5RfA3u38,86,96,train,0,r-E5RfA3u38_000086_000096.mp4
25,abseiling,jMtc0jRpyW8,266,276,train,0,jMtc0jRpyW8_000266_000276.mp4
26,abseiling,kCo-xhw3l_k,221,231,train,0,kCo-xhw3l_k_000221_000231.mp4
27,abseiling,IRX7GTz-89Y,86,96,train,0,IRX7GTz-89Y_000086_000096.mp4
28,abseiling,1g7n_PZzkmg,0,10,train,1,1g7n_PZzkmg_000000_000010.mp4
29,abseiling,Lj6Or6lVccA,109,119,train,0,Lj6Or6lVccA_000109_000119.mp4
30,abseiling,0ULNkPOufBU,60,70,train,0,0ULNkPOufBU_000060_000070.mp4
31,abseiling,-Cv3NwxG_8g,87,97,train,0,-Cv3NwxG_8g_000087_000097.mp4
32,abseiling,jOMaBGcMSqU,6,16,train,1,jOMaBGcMSqU_000006_000016.mp4
33,abseiling,7Ni_HDZv5jc,27,37,train,0,7Ni_HDZv5jc_000027_000037.mp4
34,abseiling,ETTyuQC9TIA,74,84,train,0,ETTyuQC9TIA_000074_000084.mp4
35,abseiling,6WkO9nj7He0,0,10,train,0,6WkO9nj7He0_000000_000010.mp4
36,abseiling,cTAs-juKIB8,33,43,train,0,cTAs-juKIB8_000033_000043.mp4
37,abseiling,-3B32lodo2M,59,69,train,0,-3B32lodo2M_000059_000069.mp4
38,abseiling,N59hvIvRJI4,34,44,train,0,N59hvIvRJI4_000034_000044.mp4
39,abseiling,DF2thKxXqvc,95,105,train,0,DF2thKxXqvc_000095_000105.mp4
40,abseiling,HgOdrOn-dmQ,0,10,train,0,HgOdrOn-dmQ_000000_000010.mp4
41,abseiling,GCzM_sZZvIA,66,76,train,0,GCzM_sZZvIA_000066_000076.mp4
42,abseiling,ck7GOaenxn0,2,12,train,0,ck7GOaenxn0_000002_000012.mp4
43,abseiling,VRNVK63tAlw,9,19,train,0,VRNVK63tAlw_000009_000019.mp4
44,abseiling,CbMeI-XvDHM,29,39,train,0,CbMeI-XvDHM_000029_000039.mp4
45,abseiling,M1QFHoC4o3A,78,88,train,0,M1QFHoC4o3A_000078_000088.mp4
46,abseiling,yIcLV9OmzFM,50,60,train,0,yIcLV9OmzFM_000050_000060.mp4
47,abseiling,oYUaByKM_IU,32,42,train,0,oYUaByKM_IU_000032_000042.mp4
48,abseiling,IcXVFyYx8Gk,494,504,train,0,IcXVFyYx8Gk_000494_000504.mp4
49,abseiling,e_Q667WGYr0,134,144,train,0,e_Q667WGYr0_000134_000144.mp4
50,abseiling,adb9uBF8pec,173,183,train,0,adb9uBF8pec_000173_000183.mp4
51,abseiling,u8Y0WHT1gA0,264,274,train,0,u8Y0WHT1gA0_000264_000274.mp4
52,abseiling,3L60SisVlbI,33,43,train,0,3L60SisVlbI_000033_000043.mp4
53,abseiling,_SSkUUyN_zA,58,68,train,0,_SSkUUyN_zA_000058_000068.mp4
54,abseiling,qRIHnfR-gRg,3,13,train,0,qRIHnfR-gRg_000003_000013.mp4
55,abseiling,DFcDhzpdxL0,34,44,train,0,DFcDhzpdxL0_000034_000044.mp4
56,abseiling,WA-2n5prapE,146,156,train,0,WA-2n5prapE_000146_000156.mp4
57,abseiling,ONXQoDifCLc,50,60,train,0,ONXQoDifCLc_000050_000060.mp4
58,abseiling,CRhya73Txgo,172,182,train,0,CRhya73Txgo_000172_000182.mp4
59,abseiling,dvEr9R6qkuQ,26,36,train,0,dvEr9R6qkuQ_000026_000036.mp4
60,abseiling,yU6JaF6naV8,68,78,train,0,yU6JaF6naV8_000068_000078.mp4
61,abseiling,alc3JF6C4uE,163,173,train,0,alc3JF6C4uE_000163_000173.mp4
62,abseiling,qDkfOLCioGs,36,46,train,0,qDkfOLCioGs_000036_000046.mp4
63,abseiling,zwP5sOfoX2E,715,725,train,0,zwP5sOfoX2E_000715_000725.mp4
64,abseiling,xXEG-3fhGgE,113,123,train,1,xXEG-3fhGgE_000113_000123.mp4
65,abseiling,p_Kg9tMqbeo,0,10,train,0,p_Kg9tMqbeo_000000_000010.mp4
66,abseiling,e_GLdSERefQ,181,191,train,0,e_GLdSERefQ_000181_000191.mp4
67,abseiling,XDHoXdm01Bo,70,80,train,0,XDHoXdm01Bo_000070_000080.mp4
68,abseiling,Z1dAQvR4hSc,140,150,train,0,Z1dAQvR4hSc_000140_000150.mp4
69,abseiling,yWVraWYKJeE,218,228,train,0,yWVraWYKJeE_000218_000228.mp4
70,abseiling,JFDSGdxTNTY,145,155,train,0,JFDSGdxTNTY_000145_000155.mp4
71,abseiling,p6F0rA7G1qs,517,527,train,0,p6F0rA7G1qs_000517_000527.mp4
72,abseiling,0UD6OoOFwqc,78,88,train,0,0UD6OoOFwqc_000078_000088.mp4
73,abseiling,K2b-mOPWebA,205,215,train,0,K2b-mOPWebA_000205_000215.mp4
74,abseiling,2lujXIXQIg0,52,62,train,0,2lujXIXQIg0_000052_000062.mp4
75,abseiling,1Qj6Mu_CpnM,42,52,train,0,1Qj6Mu_CpnM_000042_000052.mp4
76,abseiling,Dgm4OV7de_E,11,21,train,0,Dgm4OV7de_E_000011_000021.mp4
77,abseiling,VboZ8QFvHjI,120,130,train,0,VboZ8QFvHjI_000120_000130.mp4
78,abseiling,eTKXXDATOLc,32,42,train,0,eTKXXDATOLc_000032_000042.mp4
79,abseiling,pdW_enWrcgg,61,71,train,0,pdW_enWrcgg_000061_000071.mp4
80,abseiling,s8VPmwPCF_g,200,210,train,0,s8VPmwPCF_g_000200_000210.mp4
81,abseiling,CWcpEGayCQ0,93,103,train,0,CWcpEGayCQ0_000093_000103.mp4
82,abseiling,tZ-stwBG2rI,0,10,train,0,tZ-stwBG2rI_000000_000010.mp4
83,abseiling,XR6z4XA6myY,137,147,train,0,XR6z4XA6myY_000137_000147.mp4
84,abseiling,DPUdSrSqPX4,23,33,train,0,DPUdSrSqPX4_000023_000033.mp4
85,abseiling,wfY4v2WKP8I,174,184,train,0,wfY4v2WKP8I_000174_000184.mp4
86,abseiling,AmWB0g4snxQ,2,12,train,0,AmWB0g4snxQ_000002_000012.mp4
87,abseiling,F-Zg30cS_pw,3,13,train,0,F-Zg30cS_pw_000003_000013.mp4
88,abseiling,Fgx_XsxBl90,2,12,train,0,Fgx_XsxBl90_000002_000012.mp4
89,abseiling,xZv3db2l-PQ,38,48,train,0,xZv3db2l-PQ_000038_000048.mp4
90,abseiling,YTJdurXZYZY,399,409,train,0,YTJdurXZYZY_000399_000409.mp4
91,abseiling,wcRuXrduj6Q,96,106,train,0,wcRuXrduj6Q_000096_000106.mp4
92,abseiling,3VqrHekUnOE,141,151,train,0,3VqrHekUnOE_000141_000151.mp4
93,abseiling,MP-Op52e84g,176,186,train,0,MP-Op52e84g_000176_000186.mp4
94,abseiling,-tAjeaPhi5s,26,36,train,0,-tAjeaPhi5s_000026_000036.mp4
95,abseiling,BS-5QaLOuy4,73,83,train,0,BS-5QaLOuy4_000073_000083.mp4
96,abseiling,XAZtRAEQzcY,151,161,train,0,XAZtRAEQzcY_000151_000161.mp4
97,abseiling,p0hOw3YslaM,13,23,train,0,p0hOw3YslaM_000013_000023.mp4
98,abseiling,yGA9OkTvvVM,65,75,train,0,yGA9OkTvvVM_000065_000075.mp4
99,abseiling,eNHiZLc3-TY,33,43,train,0,eNHiZLc3-TY_000033_000043.mp4
100,bending back,imzC-uAFf7Q,1,11,train,0,imzC-uAFf7Q_000001_000011.mp4
101,bending back,DurVrW5Xm1k,14,24,train,0,DurVrW5Xm1k_000014_000024.mp4
102,bending back,OugPHL-GwLQ,7,17,train,0,OugPHL-GwLQ_000007_000017.mp4
103,bending back,3MLeZTVs5Ro,1,11,train,0,3MLeZTVs5Ro_000001_000011.mp4
104,bending back,9yqIcYGJg8I,52,62,train,0,9yqIcYGJg8I_000052_000062.mp4
105,bending back,G0c6gkdadHc,63,73,train,0,G0c6gkdadHc_000063_000073.mp4
106,bending back,a64ut4Nnm8U,12,22,train,0,a64ut4Nnm8U_000012_000022.mp4
107,bending back,5ZAGxs_bHeA,0,10,train,0,5ZAGxs_bHeA_000000_000010.mp4
108,bending back,PSBq3whyBXs,75,85,train,0,PSBq3whyBXs_000075_000085.mp4
109,bending back,k2v-ukAnCog,46,56,train,0,k2v-ukAnCog_000046_000056.mp4
110,bending back,apTNX8Jhqg4,3,13,train,0,apTNX8Jhqg4_000003_000013.mp4
111,bending back,5OYW6z7Yp8Y,122,132,train,0,5OYW6z7Yp8Y_000122_000132.mp4
112,bending back,JGLN1Ei3OQc,75,85,train,0,JGLN1Ei3OQc_000075_000085.mp4
113,bending back,fN9WEnBJ62c,234,244,train,0,fN9WEnBJ62c_000234_000244.mp4
114,bending back,VxqK5L6SXYs,1,11,train,0,VxqK5L6SXYs_000001_000011.mp4
115,bending back,QCtgEMtjfLY,8,18,train,0,QCtgEMtjfLY_000008_000018.mp4
116,bending back,zqC6BkNSXmk,41,51,train,0,zqC6BkNSXmk_000041_000051.mp4
117,bending back,JAuc_kkiY04,29,39,train,0,JAuc_kkiY04_000029_000039.mp4
118,bending back,6KQr3q5Z22g,67,77,train,0,6KQr3q5Z22g_000067_000077.mp4
119,bending back,7jq5qEyU9r0,13,23,train,0,7jq5qEyU9r0_000013_000023.mp4
120,bending back,4rO5aUB7hjY,24,34,train,0,4rO5aUB7hjY_000024_000034.mp4
121,bending back,4M-IhhcgQ54,4,14,train,0,4M-IhhcgQ54_000004_000014.mp4
122,bending back,VRVL932h00M,64,74,train,0,VRVL932h00M_000064_000074.mp4
123,bending back,tYH9rarBLH8,28,38,train,0,tYH9rarBLH8_000028_000038.mp4
124,bending back,VVMbTaGdw2I,3,13,train,0,VVMbTaGdw2I_000003_000013.mp4
125,bending back,IThllNDTA3E,5,15,train,0,IThllNDTA3E_000005_000015.mp4
126,bending back,gzqoktBJkqg,1,11,train,0,gzqoktBJkqg_000001_000011.mp4
127,bending back,eZ4T1P8O7Ok,4,14,train,0,eZ4T1P8O7Ok_000004_000014.mp4
128,bending back,bu8MZIX9TDw,5,15,train,0,bu8MZIX9TDw_000005_000015.mp4
129,bending back,YK2v8fukmEQ,23,33,train,0,YK2v8fukmEQ_000023_000033.mp4
130,bending back,y1TAvnvqOPc,50,60,train,0,y1TAvnvqOPc_000050_000060.mp4
131,bending back,0mfa5ahuDII,1,11,train,0,0mfa5ahuDII_000001_000011.mp4
132,bending back,kOebJzMGEQw,34,44,train,0,kOebJzMGEQw_000034_000044.mp4
133,bending back,lcBdaXopxwM,1,11,train,0,lcBdaXopxwM_000001_000011.mp4
134,bending back,SOZZPt2FZ1E,34,44,train,0,SOZZPt2FZ1E_000034_000044.mp4
135,bending back,xOnq7eVibAE,4,14,train,0,xOnq7eVibAE_000004_000014.mp4
136,bending back,nEq_CRANO_0,16,26,train,0,nEq_CRANO_0_000016_000026.mp4
137,bending back,09g900aR8o8,50,60,train,0,09g900aR8o8_000050_000060.mp4
138,bending back,GD5Y4gRfFmE,93,103,train,0,GD5Y4gRfFmE_000093_000103.mp4
139,bending back,a-UD_35cPpI,2,12,train,0,a-UD_35cPpI_000002_000012.mp4
140,bending back,hovMp9S1cEI,50,60,train,0,hovMp9S1cEI_000050_000060.mp4
141,bending back,rzI4OlBX5L0,9,19,train,0,rzI4OlBX5L0_000009_000019.mp4
142,bending back,bbX9_KlT57g,154,164,train,0,bbX9_KlT57g_000154_000164.mp4
143,bending back,YykdXRRNLuA,65,75,train,0,YykdXRRNLuA_000065_000075.mp4
144,bending back,G6jOtoX0Ukg,20,30,train,0,G6jOtoX0Ukg_000020_000030.mp4
145,bending back,OtdNArf9yto,3,13,train,0,OtdNArf9yto_000003_000013.mp4
146,bending back,yRWJRS_Te5k,34,44,train,0,yRWJRS_Te5k_000034_000044.mp4
147,bending back,KZwoncEbD10,102,112,train,0,KZwoncEbD10_000102_000112.mp4
148,bungee jumping,Dy4scBhLOb4,41,51,train,0,Dy4scBhLOb4_000041_000051.mp4
149,bungee jumping,SMq1iTSpOE4,165,175,train,0,SMq1iTSpOE4_000165_000175.mp4
150,bungee jumping,it6u7cgy_Ps,319,329,train,0,it6u7cgy_Ps_000319_000329.mp4
151,bungee jumping,J_kjKmGKNRs,213,223,train,0,J_kjKmGKNRs_000213_000223.mp4
152,bungee jumping,c9LNLQicBFY,4,14,train,0,c9LNLQicBFY_000004_000014.mp4
153,bungee jumping,siyuP-XnoDA,30,40,train,0,siyuP-XnoDA_000030_000040.mp4
154,bungee jumping,q55nmdFZdzE,67,77,train,0,q55nmdFZdzE_000067_000077.mp4
155,bungee jumping,iyT9zLaGqqA,201,211,train,0,iyT9zLaGqqA_000201_000211.mp4
156,bungee jumping,CgXLbduLpVs,9,19,train,0,CgXLbduLpVs_000009_000019.mp4
157,bungee jumping,mKUTUHJln64,8,18,train,1,mKUTUHJln64_000008_000018.mp4
158,bungee jumping,NeaqnfBWRtc,58,68,train,0,NeaqnfBWRtc_000058_000068.mp4
159,bungee jumping,nQ1PlKaR4P8,37,47,train,0,nQ1PlKaR4P8_000037_000047.mp4
160,bungee jumping,ivhoTl2JGmQ,4,14,train,0,ivhoTl2JGmQ_000004_000014.mp4
161,bungee jumping,RI5e4sQ1fG8,90,100,train,0,RI5e4sQ1fG8_000090_000100.mp4
162,bungee jumping,4MXjIFDN8yU,349,359,train,0,4MXjIFDN8yU_000349_000359.mp4
163,bungee jumping,zN6g5CoFijc,1,11,train,0,zN6g5CoFijc_000001_000011.mp4
164,bungee jumping,evF1JTnxqWk,17,27,train,0,evF1JTnxqWk_000017_000027.mp4
165,bungee jumping,8970fSkf2E4,137,147,train,0,8970fSkf2E4_000137_000147.mp4
166,bungee jumping,3qbX122Ztig,15,25,train,1,3qbX122Ztig_000015_000025.mp4
167,bungee jumping,wbiJPJv7Hnw,22,32,train,0,wbiJPJv7Hnw_000022_000032.mp4
168,bungee jumping,znc1wFj5X2k,17,27,train,0,znc1wFj5X2k_000017_000027.mp4
169,bungee jumping,xj-g2NB0oZQ,1,11,train,0,xj-g2NB0oZQ_000001_000011.mp4
170,bungee jumping,rAL5RBVWFZQ,110,120,train,0,rAL5RBVWFZQ_000110_000120.mp4
171,bungee jumping,so1pCqYQcp8,44,54,train,0,so1pCqYQcp8_000044_000054.mp4
172,bungee jumping,gqBk1OvQTuw,113,123,train,1,gqBk1OvQTuw_000113_000123.mp4
173,bungee jumping,hFGeWK9hgpA,445,455,train,0,hFGeWK9hgpA_000445_000455.mp4
174,bungee jumping,pgUKlz2137c,86,96,train,0,pgUKlz2137c_000086_000096.mp4
175,bungee jumping,xrkWg2YW92Q,109,119,train,0,xrkWg2YW92Q_000109_000119.mp4
176,bungee jumping,IS7xq3yo-GA,27,37,train,0,IS7xq3yo-GA_000027_000037.mp4
177,bungee jumping,y8doJlc_0Zs,65,75,train,0,y8doJlc_0Zs_000065_000075.mp4
178,bungee jumping,Xf5jIaDqhxY,22,32,train,0,Xf5jIaDqhxY_000022_000032.mp4
179,bungee jumping,heZs6wvmahg,0,10,train,0,heZs6wvmahg_000000_000010.mp4
180,bungee jumping,ynCEd9uxMTA,20,30,train,0,ynCEd9uxMTA_000020_000030.mp4
181,bungee jumping,oVdOvpNFTJs,173,183,train,0,oVdOvpNFTJs_000173_000183.mp4
182,bungee jumping,NoXK8yOVA7g,10,20,train,0,NoXK8yOVA7g_000010_000020.mp4
183,bungee jumping,Mw7TsmtffnA,23,33,train,0,Mw7TsmtffnA_000023_000033.mp4
184,bungee jumping,x7sodxiZ_nw,44,54,train,0,x7sodxiZ_nw_000044_000054.mp4
185,bungee jumping,wlLMpJS2c8k,18,28,train,1,wlLMpJS2c8k_000018_000028.mp4
186,bungee jumping,tCg91EKO6Fo,35,45,train,0,tCg91EKO6Fo_000035_000045.mp4
187,bungee jumping,JVcJnRpiXek,2,12,train,0,JVcJnRpiXek_000002_000012.mp4
188,bungee jumping,oFvYeyn8Mfk,54,64,train,0,oFvYeyn8Mfk_000054_000064.mp4
189,bungee jumping,fe9ZPX7ZX4U,111,121,train,0,fe9ZPX7ZX4U_000111_000121.mp4
190,bungee jumping,7VcfCAvuHkA,108,118,train,0,7VcfCAvuHkA_000108_000118.mp4
191,bungee jumping,2tD8l9ifiNo,8,18,train,0,2tD8l9ifiNo_000008_000018.mp4
192,bungee jumping,2-KM_3XGJLs,106,116,train,0,2-KM_3XGJLs_000106_000116.mp4
193,bungee jumping,bQFwAse_Cr4,42,52,train,0,bQFwAse_Cr4_000042_000052.mp4
194,bungee jumping,rmX0g6qcX1s,109,119,train,0,rmX0g6qcX1s_000109_000119.mp4
195,bungee jumping,tBId_j7SmSs,214,224,train,0,tBId_j7SmSs_000214_000224.mp4
196,bungee jumping,heQi0IzwERs,30,40,train,0,heQi0IzwERs_000030_000040.mp4
197,bungee jumping,BLjlF1cUOfU,112,122,train,0,BLjlF1cUOfU_000112_000122.mp4
198,bungee jumping,zkW_60V5kNE,79,89,train,0,zkW_60V5kNE_000079_000089.mp4
199,bungee jumping,l-mywzEp3YI,52,62,train,0,l-mywzEp3YI_000052_000062.mp4
200,bungee jumping,Z5fhiki1P8g,4,14,train,0,Z5fhiki1P8g_000004_000014.mp4
201,bungee jumping,s1RW7j3fF0U,53,63,train,0,s1RW7j3fF0U_000053_000063.mp4
202,bungee jumping,cuCKxS6BXp8,86,96,train,0,cuCKxS6BXp8_000086_000096.mp4
203,bungee jumping,YSjrj89g4Zc,181,191,train,0,YSjrj89g4Zc_000181_000191.mp4
204,bungee jumping,BXleb_xQ8fI,10,20,train,0,BXleb_xQ8fI_000010_000020.mp4
205,bungee jumping,kluZMwzmmaE,262,272,train,0,kluZMwzmmaE_000262_000272.mp4
206,bungee jumping,s2Um02oFjys,0,10,train,0,s2Um02oFjys_000000_000010.mp4
207,bungee jumping,3smrXEWhQgg,47,57,train,0,3smrXEWhQgg_000047_000057.mp4
208,bungee jumping,fPsdGNl7NHA,71,81,train,0,fPsdGNl7NHA_000071_000081.mp4
209,bungee jumping,L9hxEDAcSyo,23,33,train,0,L9hxEDAcSyo_000023_000033.mp4
210,bungee jumping,HKPeOeEWj4I,77,87,train,0,HKPeOeEWj4I_000077_000087.mp4
211,bungee jumping,MVFx48oX00w,35,45,train,0,MVFx48oX00w_000035_000045.mp4
212,bungee jumping,8Rhakbgv3IY,43,53,train,0,8Rhakbgv3IY_000043_000053.mp4
213,bungee jumping,sDnYNZa3N0Y,35,45,train,0,sDnYNZa3N0Y_000035_000045.mp4
214,bungee jumping,n5WekhZjsAw,21,31,train,0,n5WekhZjsAw_000021_000031.mp4
215,bungee jumping,02Y60YYUqQk,71,81,train,1,02Y60YYUqQk_000071_000081.mp4
216,bungee jumping,PqFN5tux66M,41,51,train,0,PqFN5tux66M_000041_000051.mp4
217,bungee jumping,ejmWhNqcazo,37,47,train,0,ejmWhNqcazo_000037_000047.mp4
218,bungee jumping,fGI-Ad8smBY,2,12,train,0,fGI-Ad8smBY_000002_000012.mp4
219,bungee jumping,9bPu69JB8E8,4,14,train,0,9bPu69JB8E8_000004_000014.mp4
220,bungee jumping,b320GwMSaao,63,73,train,0,b320GwMSaao_000063_000073.mp4
221,bungee jumping,hXMV5XGAdds,135,145,train,0,hXMV5XGAdds_000135_000145.mp4
222,bungee jumping,g9UGtaGhIqs,11,21,train,0,g9UGtaGhIqs_000011_000021.mp4
223,bungee jumping,ZWFHCVwguqY,49,59,train,0,ZWFHCVwguqY_000049_000059.mp4
224,bungee jumping,Ip5lFzvJQIk,31,41,train,0,Ip5lFzvJQIk_000031_000041.mp4
225,bungee jumping,wgjHsBwzOPY,80,90,train,0,wgjHsBwzOPY_000080_000090.mp4
226,bungee jumping,O5UdYRJDPwM,38,48,train,0,O5UdYRJDPwM_000038_000048.mp4
227,bungee jumping,J6B-WJHlXag,472,482,train,0,J6B-WJHlXag_000472_000482.mp4
228,bungee jumping,5iMx19vvLvk,31,41,train,0,5iMx19vvLvk_000031_000041.mp4
229,bungee jumping,H-kpCQf4bcc,7,17,train,0,H-kpCQf4bcc_000007_000017.mp4
230,bungee jumping,yaoWPCTQHT8,4,14,train,0,yaoWPCTQHT8_000004_000014.mp4
231,bungee jumping,ExsyckAA1_o,35,45,train,0,ExsyckAA1_o_000035_000045.mp4
232,bungee jumping,9IYLIx6Qj6Q,26,36,train,0,9IYLIx6Qj6Q_000026_000036.mp4
233,bungee jumping,5H1VnOA4wfE,29,39,train,0,5H1VnOA4wfE_000029_000039.mp4
234,bungee jumping,9j3S7I9Db00,10,20,train,0,9j3S7I9Db00_000010_000020.mp4
235,bungee jumping,4xxX53yaDXI,3,13,train,0,4xxX53yaDXI_000003_000013.mp4
236,bungee jumping,TG63A90ZGH0,2,12,train,0,TG63A90ZGH0_000002_000012.mp4
237,bungee jumping,3-q0rHzmrOM,60,70,train,0,3-q0rHzmrOM_000060_000070.mp4
238,bungee jumping,YQQOdX3mysI,68,78,train,0,YQQOdX3mysI_000068_000078.mp4
239,cleaning floor,8wQEdMQhKE4,3,13,train,0,8wQEdMQhKE4_000003_000013.mp4
240,cleaning floor,IML84BTVu4I,2,12,train,0,IML84BTVu4I_000002_000012.mp4
241,cleaning floor,q0lFl1qIJOg,183,193,train,0,q0lFl1qIJOg_000183_000193.mp4
242,cleaning floor,LruvB5sNxWw,0,10,train,0,LruvB5sNxWw_000000_000010.mp4
243,cleaning floor,QXMcIHD8AQs,0,10,train,0,QXMcIHD8AQs_000000_000010.mp4
244,cleaning floor,7y5lOSQml8s,12,22,train,0,7y5lOSQml8s_000012_000022.mp4
245,cleaning floor,0Fh5H6AFHc0,8,18,train,0,0Fh5H6AFHc0_000008_000018.mp4
246,cleaning floor,pYhu1_1HAA4,277,287,train,0,pYhu1_1HAA4_000277_000287.mp4
247,cleaning floor,6bFHNHUuqeI,20,30,train,0,6bFHNHUuqeI_000020_000030.mp4
248,cleaning floor,OokOW1YjFXI,34,44,train,0,OokOW1YjFXI_000034_000044.mp4
249,cleaning floor,L1-Ei5aYlc4,131,141,train,0,L1-Ei5aYlc4_000131_000141.mp4
250,cleaning floor,FAfLfYyGhaA,17,27,train,0,FAfLfYyGhaA_000017_000027.mp4
251,cleaning floor,jh5BfUynveA,0,10,train,0,jh5BfUynveA_000000_000010.mp4
252,cleaning floor,AGmRgVcOLYA,61,71,train,0,AGmRgVcOLYA_000061_000071.mp4
253,cleaning floor,_C9RbOUuzEo,14,24,train,0,_C9RbOUuzEo_000014_000024.mp4
254,cleaning floor,0m4fNaZN_tI,30,40,train,0,0m4fNaZN_tI_000030_000040.mp4
255,cleaning floor,rxWjumLgG6g,0,10,train,0,rxWjumLgG6g_000000_000010.mp4
256,cleaning floor,2Hem_p2TpeQ,4,14,train,0,2Hem_p2TpeQ_000004_000014.mp4
257,cleaning floor,pk0pTijwu6E,63,73,train,0,pk0pTijwu6E_000063_000073.mp4
258,cleaning floor,2R_DQn0ojcc,3,13,train,0,2R_DQn0ojcc_000003_000013.mp4
259,cleaning floor,RrGYVhVNKCA,23,33,train,0,RrGYVhVNKCA_000023_000033.mp4
260,cleaning floor,X5joFn8pa3k,85,95,train,0,X5joFn8pa3k_000085_000095.mp4
261,cleaning floor,7RyjoBuDdcU,97,107,train,0,7RyjoBuDdcU_000097_000107.mp4
262,cleaning floor,Ju4fJVmqBsA,18,28,train,0,Ju4fJVmqBsA_000018_000028.mp4
263,cleaning floor,XWOdB5BhlBA,50,60,train,0,XWOdB5BhlBA_000050_000060.mp4
264,cleaning floor,gOkmbcadqVA,48,58,train,0,gOkmbcadqVA_000048_000058.mp4
265,cleaning floor,A5vzSJB9-rA,14,24,train,0,A5vzSJB9-rA_000014_000024.mp4
266,cleaning floor,iSIlEJ4gNFE,9,19,train,0,iSIlEJ4gNFE_000009_000019.mp4
267,cleaning floor,rYvd51opTOo,2,12,train,0,rYvd51opTOo_000002_000012.mp4
268,cleaning floor,I6WpCPsW8o8,43,53,train,0,I6WpCPsW8o8_000043_000053.mp4
269,cleaning floor,ugMHia2OVb4,5,15,train,0,ugMHia2OVb4_000005_000015.mp4
270,cleaning floor,rtx8l84MoHE,185,195,train,0,rtx8l84MoHE_000185_000195.mp4
271,cleaning floor,_WOc31e3wa4,1,11,train,0,_WOc31e3wa4_000001_000011.mp4
272,cleaning floor,CBSjo2WJ3F8,31,41,train,0,CBSjo2WJ3F8_000031_000041.mp4
273,cleaning floor,DH_7zSdWnu4,189,199,train,0,DH_7zSdWnu4_000189_000199.mp4
274,cleaning floor,iNHLJJ1ROB0,69,79,train,0,iNHLJJ1ROB0_000069_000079.mp4
275,cleaning floor,T2CzKcU8pHo,14,24,train,0,T2CzKcU8pHo_000014_000024.mp4
276,cleaning floor,ScRV3hmCdWk,22,32,train,0,ScRV3hmCdWk_000022_000032.mp4
277,cleaning floor,TFV-r4acLnQ,49,59,train,0,TFV-r4acLnQ_000049_000059.mp4
278,cleaning floor,BSCnJfQ3Rx0,28,38,train,0,BSCnJfQ3Rx0_000028_000038.mp4
279,cleaning floor,RlzNwhPMMnk,26,36,train,0,RlzNwhPMMnk_000026_000036.mp4
280,cleaning floor,GowaGCODoUk,0,10,train,0,GowaGCODoUk_000000_000010.mp4
281,cleaning floor,9GJgNtYJ_-g,3,13,train,0,9GJgNtYJ_-g_000003_000013.mp4
282,cleaning floor,jPVYoN-ULow,3,13,train,0,jPVYoN-ULow_000003_000013.mp4
283,cleaning floor,LqWrEWrocJg,102,112,train,0,LqWrEWrocJg_000102_000112.mp4
284,cleaning floor,EdpKtpuvN7M,141,151,train,0,EdpKtpuvN7M_000141_000151.mp4
285,cleaning floor,Nmr8ilnQ1YQ,0,10,train,0,Nmr8ilnQ1YQ_000000_000010.mp4
286,cleaning floor,fai7rSTGOUs,25,35,train,0,fai7rSTGOUs_000025_000035.mp4
287,cleaning floor,XwRNlQiAAnQ,24,34,train,0,XwRNlQiAAnQ_000024_000034.mp4
288,cleaning floor,6xHWKpv4Mq8,63,73,train,0,6xHWKpv4Mq8_000063_000073.mp4
289,cleaning floor,drNGJYoq1Mo,100,110,train,0,drNGJYoq1Mo_000100_000110.mp4
290,cleaning floor,7O7Z9JYUURA,37,47,train,0,7O7Z9JYUURA_000037_000047.mp4
291,cleaning floor,9excSeGk-KY,269,279,train,0,9excSeGk-KY_000269_000279.mp4
292,cleaning floor,WhX8sF0ro7E,3,13,train,0,WhX8sF0ro7E_000003_000013.mp4
293,cleaning floor,TSmXPeden04,0,10,train,0,TSmXPeden04_000000_000010.mp4
294,cleaning floor,_cMswRMB3WU,124,134,train,0,_cMswRMB3WU_000124_000134.mp4
295,cleaning floor,-AXEH6stPG4,14,24,train,0,-AXEH6stPG4_000014_000024.mp4
296,cleaning floor,4oUcUJZZVsM,26,36,train,0,4oUcUJZZVsM_000026_000036.mp4
297,cleaning floor,OnR6gx-Wapw,35,45,train,0,OnR6gx-Wapw_000035_000045.mp4
298,cleaning floor,qXxce_wnhJU,5,15,train,0,qXxce_wnhJU_000005_000015.mp4
299,cleaning floor,_wnXrEucbhE,303,313,train,0,_wnXrEucbhE_000303_000313.mp4
300,cleaning floor,dMw_v6y3zlw,0,10,train,0,dMw_v6y3zlw_000000_000010.mp4
301,cleaning floor,N7_xdZLmmkQ,0,10,train,0,N7_xdZLmmkQ_000000_000010.mp4
302,cleaning floor,P8zBD4_e1SE,46,56,train,0,P8zBD4_e1SE_000046_000056.mp4
303,cleaning floor,m699O4Ue0Ng,11,21,train,0,m699O4Ue0Ng_000011_000021.mp4
304,cleaning floor,Yr2fLnfLiKo,39,49,train,0,Yr2fLnfLiKo_000039_000049.mp4
305,cleaning floor,BT7ubDhedGw,21,31,train,0,BT7ubDhedGw_000021_000031.mp4
306,cleaning floor,o1y6mTRyzRQ,40,50,train,1,o1y6mTRyzRQ_000040_000050.mp4
307,cleaning floor,qzicZ1ngzSQ,4,14,train,0,qzicZ1ngzSQ_000004_000014.mp4
308,cleaning floor,iexHn3m0fRs,55,65,train,0,iexHn3m0fRs_000055_000065.mp4
309,cleaning floor,gXeDEvV98Fc,0,10,train,0,gXeDEvV98Fc_000000_000010.mp4
310,cleaning floor,mPALORyNx1E,90,100,train,0,mPALORyNx1E_000090_000100.mp4
311,curling hair,Zc7znMGO9MM,17,27,train,0,Zc7znMGO9MM_000017_000027.mp4
312,curling hair,OZeZmbyGZUo,414,424,train,0,OZeZmbyGZUo_000414_000424.mp4
313,curling hair,FZjV7MZZhUM,29,39,train,0,FZjV7MZZhUM_000029_000039.mp4
314,curling hair,ck1_Q7qBzw8,18,28,train,0,ck1_Q7qBzw8_000018_000028.mp4
315,curling hair,8uct8MgldQ8,317,327,train,0,8uct8MgldQ8_000317_000327.mp4
316,curling hair,qed5K5bBJI4,197,207,train,0,qed5K5bBJI4_000197_000207.mp4
317,curling hair,P-psEnMdy88,334,344,train,0,P-psEnMdy88_000334_000344.mp4
318,curling hair,H60bfB-3NTU,4,14,train,0,H60bfB-3NTU_000004_000014.mp4
319,curling hair,23Kl47G0CKI,841,851,train,0,23Kl47G0CKI_000841_000851.mp4
320,curling hair,HnjjVkc54t8,161,171,train,0,HnjjVkc54t8_000161_000171.mp4
321,curling hair,B6sx99NAeNg,815,825,train,0,B6sx99NAeNg_000815_000825.mp4
322,curling hair,91gbKxwxAmw,83,93,train,0,91gbKxwxAmw_000083_000093.mp4
323,curling hair,yFnCK_c8Kn4,217,227,train,0,yFnCK_c8Kn4_000217_000227.mp4
324,curling hair,Xp4Z1hA9gZI,679,689,train,0,Xp4Z1hA9gZI_000679_000689.mp4
325,curling hair,0P1lpBQY4nw,246,256,train,0,0P1lpBQY4nw_000246_000256.mp4
326,curling hair,CoBJBW7OZWo,181,191,train,0,CoBJBW7OZWo_000181_000191.mp4
327,curling hair,n-VStoPlCvQ,106,116,train,0,n-VStoPlCvQ_000106_000116.mp4
328,curling hair,f0Uj1RTeet4,156,166,train,0,f0Uj1RTeet4_000156_000166.mp4
329,curling hair,wYMJVo-FfhY,226,236,train,0,wYMJVo-FfhY_000226_000236.mp4
330,curling hair,aa2IQKIuWg4,414,424,train,0,aa2IQKIuWg4_000414_000424.mp4
331,curling hair,BckjUl2degw,293,303,train,0,BckjUl2degw_000293_000303.mp4
332,curling hair,BgNLPaakHmk,275,285,train,0,BgNLPaakHmk_000275_000285.mp4
333,curling hair,zmOw-ecUIGY,153,163,train,0,zmOw-ecUIGY_000153_000163.mp4
334,curling hair,BA5WFf3PQrU,226,236,train,0,BA5WFf3PQrU_000226_000236.mp4
335,curling hair,T09k5LPZWqU,103,113,train,0,T09k5LPZWqU_000103_000113.mp4
336,curling hair,BMYuAgRNGIQ,115,125,train,0,BMYuAgRNGIQ_000115_000125.mp4
337,curling hair,0YeQn3xV3Hc,4,14,train,0,0YeQn3xV3Hc_000004_000014.mp4
338,curling hair,XSwUCIgmVMw,207,217,train,0,XSwUCIgmVMw_000207_000217.mp4
339,curling hair,YaPVEwwE1DY,388,398,train,0,YaPVEwwE1DY_000388_000398.mp4
340,curling hair,OMHt-i9Dm4I,179,189,train,0,OMHt-i9Dm4I_000179_000189.mp4
341,curling hair,VgKT7dJcWBs,26,36,train,0,VgKT7dJcWBs_000026_000036.mp4
342,curling hair,GPVhq41eDxA,289,299,train,0,GPVhq41eDxA_000289_000299.mp4
343,curling hair,5AIaoNRO-eU,135,145,train,0,5AIaoNRO-eU_000135_000145.mp4
344,curling hair,oKfe8xeJHbY,41,51,train,0,oKfe8xeJHbY_000041_000051.mp4
345,curling hair,qgQ16kKOt2M,26,36,train,0,qgQ16kKOt2M_000026_000036.mp4
346,curling hair,lb8SCC1EZNk,295,305,train,0,lb8SCC1EZNk_000295_000305.mp4
347,curling hair,iOr7xR2tw_o,0,10,train,0,iOr7xR2tw_o_000000_000010.mp4
348,curling hair,PXVUQbyX2Hg,320,330,train,0,PXVUQbyX2Hg_000320_000330.mp4
349,curling hair,lnSMkX5idT8,82,92,train,0,lnSMkX5idT8_000082_000092.mp4
350,curling hair,WvYN0Zd01ao,32,42,train,0,WvYN0Zd01ao_000032_000042.mp4
351,curling hair,hNx8Z1NgSKs,81,91,train,0,hNx8Z1NgSKs_000081_000091.mp4
352,curling hair,qbiSE6hp5X4,268,278,train,0,qbiSE6hp5X4_000268_000278.mp4
353,curling hair,mKH-_dKmCCY,52,62,train,0,mKH-_dKmCCY_000052_000062.mp4
354,curling hair,8y5Vt4Dr6EE,47,57,train,0,8y5Vt4Dr6EE_000047_000057.mp4
355,curling hair,M_ZAszUqqF4,91,101,train,0,M_ZAszUqqF4_000091_000101.mp4
356,curling hair,_N5y1tC0haA,20,30,train,0,_N5y1tC0haA_000020_000030.mp4
357,curling hair,0gqygJhzQUs,84,94,train,0,0gqygJhzQUs_000084_000094.mp4
358,curling hair,28VJOJsMa44,109,119,train,0,28VJOJsMa44_000109_000119.mp4
359,curling hair,yBcHsgNAIyE,732,742,train,0,yBcHsgNAIyE_000732_000742.mp4
360,curling hair,PSqwdduJi8c,243,253,train,0,PSqwdduJi8c_000243_000253.mp4
361,curling hair,fjRK4Jirx0w,29,39,train,0,fjRK4Jirx0w_000029_000039.mp4
362,curling hair,t1LIjL4qDsA,502,512,train,0,t1LIjL4qDsA_000502_000512.mp4
363,curling hair,LwPwLY1vhT8,39,49,train,0,LwPwLY1vhT8_000039_000049.mp4
364,curling hair,1qNsErmkIiU,45,55,train,0,1qNsErmkIiU_000045_000055.mp4
365,curling hair,XiqAAXYvYOo,1187,1197,train,0,XiqAAXYvYOo_001187_001197.mp4
366,curling hair,qGCqWIletMs,20,30,train,0,qGCqWIletMs_000020_000030.mp4
367,curling hair,6sQBbsDqrIY,75,85,train,0,6sQBbsDqrIY_000075_000085.mp4
368,curling hair,Ivd-n3k-1Fw,49,59,train,0,Ivd-n3k-1Fw_000049_000059.mp4
369,curling hair,0Hq6wQyumGA,93,103,train,0,0Hq6wQyumGA_000093_000103.mp4
370,curling hair,l_9ot4FJm_8,198,208,train,0,l_9ot4FJm_8_000198_000208.mp4
371,curling hair,mWczmEM2kmo,346,356,train,0,mWczmEM2kmo_000346_000356.mp4
372,curling hair,nJwriXrrI_E,463,473,train,0,nJwriXrrI_E_000463_000473.mp4
373,curling hair,GXyBluWXOKI,582,592,train,0,GXyBluWXOKI_000582_000592.mp4
374,curling hair,djJscdJ0Tcc,429,439,train,0,djJscdJ0Tcc_000429_000439.mp4
375,curling hair,znCd_ZPdiSc,257,267,train,0,znCd_ZPdiSc_000257_000267.mp4
376,curling hair,raA6kyrtwPw,160,170,train,0,raA6kyrtwPw_000160_000170.mp4
377,curling hair,j4tpRMfqKsM,489,499,train,0,j4tpRMfqKsM_000489_000499.mp4
378,curling hair,9O1k9gtsA1U,28,38,train,0,9O1k9gtsA1U_000028_000038.mp4
379,curling hair,MtA8K5OHMDs,47,57,train,0,MtA8K5OHMDs_000047_000057.mp4
380,curling hair,2696QjoS1Xo,350,360,train,0,2696QjoS1Xo_000350_000360.mp4
381,drinking,sXNxd4o2ILw,15,25,train,0,sXNxd4o2ILw_000015_000025.mp4
382,drinking,zWhMwm3izdc,159,169,train,0,zWhMwm3izdc_000159_000169.mp4
383,drinking,r31mvH3oIn0,97,107,train,0,r31mvH3oIn0_000097_000107.mp4
384,drinking,ThzChEJxuOw,36,46,train,0,ThzChEJxuOw_000036_000046.mp4
385,drinking,vhih0gh0PcE,25,35,train,0,vhih0gh0PcE_000025_000035.mp4
386,drinking,o9UDSUFGS3s,14,24,train,0,o9UDSUFGS3s_000014_000024.mp4
387,drinking,ZP2281qlEfQ,129,139,train,0,ZP2281qlEfQ_000129_000139.mp4
388,drinking,9wvXa2srzgk,509,519,train,0,9wvXa2srzgk_000509_000519.mp4
389,drinking,4NKpuT3OANA,89,99,train,0,4NKpuT3OANA_000089_000099.mp4
390,drinking,Dk5hbDCoqZI,18,28,train,0,Dk5hbDCoqZI_000018_000028.mp4
391,drinking,LhtaB90CrKA,15,25,train,1,LhtaB90CrKA_000015_000025.mp4
392,drinking,fkPfx8jWgE8,41,51,train,0,fkPfx8jWgE8_000041_000051.mp4
393,drinking,Emd5GRorDzc,21,31,train,0,Emd5GRorDzc_000021_000031.mp4
394,drinking,26YQBBZEk-k,187,197,train,0,26YQBBZEk-k_000187_000197.mp4
395,drinking,IbiSlfHMrRY,13,23,train,0,IbiSlfHMrRY_000013_000023.mp4
396,drinking,MylFbd6LvOs,16,26,train,0,MylFbd6LvOs_000016_000026.mp4
397,drinking,Gy41KujszgU,698,708,train,0,Gy41KujszgU_000698_000708.mp4
398,drinking,KIVTEefkfPs,62,72,train,0,KIVTEefkfPs_000062_000072.mp4
399,drinking,neRhrfDjics,83,93,train,0,neRhrfDjics_000083_000093.mp4
400,drinking,4U_xmfSwYSw,69,79,train,0,4U_xmfSwYSw_000069_000079.mp4
401,drinking,dyH3hxlaTzM,0,10,train,0,dyH3hxlaTzM_000000_000010.mp4
402,drinking,dU-_GeQF2Qg,45,55,train,0,dU-_GeQF2Qg_000045_000055.mp4
403,drinking,Cw3aCxhwFAU,7,17,train,0,Cw3aCxhwFAU_000007_000017.mp4
404,drinking,qHS7V6_lE50,14,24,train,0,qHS7V6_lE50_000014_000024.mp4
405,drinking,0MV9MX1-sJI,55,65,train,0,0MV9MX1-sJI_000055_000065.mp4
406,drinking,mMcO9VI-0pY,5,15,train,0,mMcO9VI-0pY_000005_000015.mp4
407,drinking,3sDivOd3_RM,103,113,train,0,3sDivOd3_RM_000103_000113.mp4
408,drinking,AMEV4LnE7-4,37,47,train,0,AMEV4LnE7-4_000037_000047.mp4
409,drinking,Yk9iEgo3CHM,0,10,train,0,Yk9iEgo3CHM_000000_000010.mp4
410,drinking,mL-XdSQiRUI,15,25,train,0,mL-XdSQiRUI_000015_000025.mp4
411,drinking,s1LhYl4hojg,301,311,train,0,s1LhYl4hojg_000301_000311.mp4
412,drinking,YeLTnMjp_2M,4,14,train,0,YeLTnMjp_2M_000004_000014.mp4
413,drinking,p4oxWlBIKJk,19,29,train,0,p4oxWlBIKJk_000019_000029.mp4
414,drinking,M5CXxoHIauw,65,75,train,0,M5CXxoHIauw_000065_000075.mp4
415,drinking,LSmNIiLKv9U,71,81,train,0,LSmNIiLKv9U_000071_000081.mp4
416,drinking,btIe4SwFUhg,80,90,train,0,btIe4SwFUhg_000080_000090.mp4
417,drinking,IA3kraIyJFM,28,38,train,0,IA3kraIyJFM_000028_000038.mp4
418,drinking,M30i_6MGPdM,102,112,train,0,M30i_6MGPdM_000102_000112.mp4
419,drinking,Mz-tt6m4-rU,180,190,train,0,Mz-tt6m4-rU_000180_000190.mp4
420,drinking,nmCDiBMovws,49,59,train,0,nmCDiBMovws_000049_000059.mp4
421,drinking,97S5K2uDAYE,41,51,train,0,97S5K2uDAYE_000041_000051.mp4
422,drinking,ERLf-jwAYas,49,59,train,0,ERLf-jwAYas_000049_000059.mp4
423,drinking,3-5u_EheUkY,13,23,train,0,3-5u_EheUkY_000013_000023.mp4
424,drinking,KGqe8JXfqyc,207,217,train,0,KGqe8JXfqyc_000207_000217.mp4
425,drinking,2ByBLPJD82Y,114,124,train,0,2ByBLPJD82Y_000114_000124.mp4
426,exercising with an exercise ball,JtGbzX1upik,70,80,train,0,JtGbzX1upik_000070_000080.mp4
427,exercising with an exercise ball,Ut88ImQLPq8,25,35,train,0,Ut88ImQLPq8_000025_000035.mp4
428,exercising with an exercise ball,uD6G07Z2AG8,32,42,train,0,uD6G07Z2AG8_000032_000042.mp4
429,exercising with an exercise ball,97LK1VyykMI,16,26,train,0,97LK1VyykMI_000016_000026.mp4
430,exercising with an exercise ball,SGMGgzQGYW0,1,11,train,0,SGMGgzQGYW0_000001_000011.mp4
431,exercising with an exercise ball,QUr0rXzYS6M,7,17,train,0,QUr0rXzYS6M_000007_000017.mp4
432,exercising with an exercise ball,GKcaBZdPJUg,42,52,train,0,GKcaBZdPJUg_000042_000052.mp4
433,exercising with an exercise ball,astgDVEOFlQ,43,53,train,0,astgDVEOFlQ_000043_000053.mp4
434,exercising with an exercise ball,i1DeBewu9rQ,35,45,train,0,i1DeBewu9rQ_000035_000045.mp4
435,exercising with an exercise ball,Amhb_ZJmw54,30,40,train,0,Amhb_ZJmw54_000030_000040.mp4
436,exercising with an exercise ball,8sKez0MR3bQ,27,37,train,0,8sKez0MR3bQ_000027_000037.mp4
437,exercising with an exercise ball,JteXG07Dhn4,43,53,train,0,JteXG07Dhn4_000043_000053.mp4
438,exercising with an exercise ball,LwHD7-hgaM4,58,68,train,0,LwHD7-hgaM4_000058_000068.mp4
439,exercising with an exercise ball,z7WaJkOSLtM,104,114,train,0,z7WaJkOSLtM_000104_000114.mp4
440,exercising with an exercise ball,NWg8YG7pdag,19,29,train,0,NWg8YG7pdag_000019_000029.mp4
441,exercising with an exercise ball,Aw-eKls0E1M,44,54,train,0,Aw-eKls0E1M_000044_000054.mp4
442,exercising with an exercise ball,tsYcG8DFASE,324,334,train,0,tsYcG8DFASE_000324_000334.mp4
443,exercising with an exercise ball,8QRZB5OimOQ,8,18,train,0,8QRZB5OimOQ_000008_000018.mp4
444,exercising with an exercise ball,c29w396gDJA,40,50,train,0,c29w396gDJA_000040_000050.mp4
445,exercising with an exercise ball,F67MPmh7ZG0,74,84,train,0,F67MPmh7ZG0_000074_000084.mp4
446,exercising with an exercise ball,H26wKI9IPlA,38,48,train,0,H26wKI9IPlA_000038_000048.mp4
447,exercising with an exercise ball,flk-A3Zt6oQ,47,57,train,0,flk-A3Zt6oQ_000047_000057.mp4
448,exercising with an exercise ball,ZmAglEpgKUY,37,47,train,0,ZmAglEpgKUY_000037_000047.mp4
449,exercising with an exercise ball,BOZu7XSECg0,3,13,train,0,BOZu7XSECg0_000003_000013.mp4
450,exercising with an exercise ball,HaGybWECu7g,1,11,train,0,HaGybWECu7g_000001_000011.mp4
451,exercising with an exercise ball,gWCNlunqZXQ,1,11,train,0,gWCNlunqZXQ_000001_000011.mp4
452,exercising with an exercise ball,oXXQNbxUCd0,635,645,train,0,oXXQNbxUCd0_000635_000645.mp4
453,exercising with an exercise ball,kUjN_vUxpKU,111,121,train,0,kUjN_vUxpKU_000111_000121.mp4
454,exercising with an exercise ball,aCK9E9fKxvE,96,106,train,0,aCK9E9fKxvE_000096_000106.mp4
455,giving or receiving award,LARQGxJV2KI,240,250,train,0,LARQGxJV2KI_000240_000250.mp4
456,giving or receiving award,2FManmYfrB0,18,28,train,0,2FManmYfrB0_000018_000028.mp4
457,giving or receiving award,ykVFBkb7Ve4,2,12,train,0,ykVFBkb7Ve4_000002_000012.mp4
458,giving or receiving award,Ey1j7Nt8VRc,50,60,train,0,Ey1j7Nt8VRc_000050_000060.mp4
459,giving or receiving award,Gn1PMdxnugo,26,36,train,0,Gn1PMdxnugo_000026_000036.mp4
460,giving or receiving award,cEzniKtOPdc,112,122,train,0,cEzniKtOPdc_000112_000122.mp4
461,giving or receiving award,wlDWaqGLfVs,9,19,train,0,wlDWaqGLfVs_000009_000019.mp4
462,giving or receiving award,T9xR6-amWis,246,256,train,0,T9xR6-amWis_000246_000256.mp4
463,giving or receiving award,m0zxSCykkGc,14,24,train,0,m0zxSCykkGc_000014_000024.mp4
464,giving or receiving award,NKollnqYIx4,0,10,train,0,NKollnqYIx4_000000_000010.mp4
465,giving or receiving award,s_ywnZcYoS4,77,87,train,0,s_ywnZcYoS4_000077_000087.mp4
466,giving or receiving award,rwd0VrqP1fE,39,49,train,0,rwd0VrqP1fE_000039_000049.mp4
467,giving or receiving award,4lThBiduZC8,795,805,train,0,4lThBiduZC8_000795_000805.mp4
468,giving or receiving award,jUMq1vPG9j0,0,10,train,0,jUMq1vPG9j0_000000_000010.mp4
469,giving or receiving award,PCu8Duw5Ewc,14,24,train,0,PCu8Duw5Ewc_000014_000024.mp4
470,giving or receiving award,GGW29ZhILN8,198,208,train,0,GGW29ZhILN8_000198_000208.mp4
471,giving or receiving award,3WU8LVArMi0,447,457,train,0,3WU8LVArMi0_000447_000457.mp4
472,giving or receiving award,_ES9LYTaU50,21,31,train,0,_ES9LYTaU50_000021_000031.mp4
473,giving or receiving award,eQk5uk17RSY,10,20,train,0,eQk5uk17RSY_000010_000020.mp4
474,giving or receiving award,1ncfAzpVtPM,4,14,train,0,1ncfAzpVtPM_000004_000014.mp4
475,giving or receiving award,wZyO2rnmb-E,23,33,train,0,wZyO2rnmb-E_000023_000033.mp4
476,giving or receiving award,m58JYj2mqbE,88,98,train,0,m58JYj2mqbE_000088_000098.mp4
477,giving or receiving award,dtOu8WUUlD4,39,49,train,0,dtOu8WUUlD4_000039_000049.mp4
478,giving or receiving award,Xk9aawSDtPk,175,185,train,0,Xk9aawSDtPk_000175_000185.mp4
479,giving or receiving award,ArPJpyHvr9s,501,511,train,0,ArPJpyHvr9s_000501_000511.mp4
480,giving or receiving award,ru0rrBjlY4U,41,51,train,0,ru0rrBjlY4U_000041_000051.mp4
481,giving or receiving award,_D7hYSZBXwQ,232,242,train,0,_D7hYSZBXwQ_000232_000242.mp4
482,giving or receiving award,SGUQFj2a1Yg,418,428,train,0,SGUQFj2a1Yg_000418_000428.mp4
483,giving or receiving award,Mz-N8T4SY0M,340,350,train,0,Mz-N8T4SY0M_000340_000350.mp4
484,giving or receiving award,IdXz1RodDiE,83,93,train,0,IdXz1RodDiE_000083_000093.mp4
485,giving or receiving award,AxB1SH5JTok,57,67,train,0,AxB1SH5JTok_000057_000067.mp4
486,giving or receiving award,SX8xXkfPobA,37,47,train,1,SX8xXkfPobA_000037_000047.mp4
487,giving or receiving award,TvmwGIkGUdU,54,64,train,0,TvmwGIkGUdU_000054_000064.mp4
488,giving or receiving award,RbXY_R3kOL0,114,124,train,0,RbXY_R3kOL0_000114_000124.mp4
489,giving or receiving award,5SWAqT9TOHY,34,44,train,0,5SWAqT9TOHY_000034_000044.mp4
490,giving or receiving award,hPYbspQqIHo,150,160,train,0,hPYbspQqIHo_000150_000160.mp4
491,giving or receiving award,E2A8FszWvII,69,79,train,0,E2A8FszWvII_000069_000079.mp4
492,giving or receiving award,6aRfU7l2o4o,247,257,train,0,6aRfU7l2o4o_000247_000257.mp4
493,giving or receiving award,rrr5C4FGNKM,4,14,train,0,rrr5C4FGNKM_000004_000014.mp4
494,giving or receiving award,LHYHu1gqm1w,31,41,train,0,LHYHu1gqm1w_000031_000041.mp4
495,giving or receiving award,z_F-EH62z0g,15,25,train,0,z_F-EH62z0g_000015_000025.mp4
496,giving or receiving award,IfN6b48tU4E,149,159,train,0,IfN6b48tU4E_000149_000159.mp4
497,giving or receiving award,NbhRAOUe1to,133,143,train,0,NbhRAOUe1to_000133_000143.mp4
498,giving or receiving award,gv3Eu2uTjjI,55,65,train,0,gv3Eu2uTjjI_000055_000065.mp4
499,giving or receiving award,rca1UTWRPog,179,189,train,0,rca1UTWRPog_000179_000189.mp4
500,giving or receiving award,Sp9HXpcHYF0,3,13,train,0,Sp9HXpcHYF0_000003_000013.mp4
501,giving or receiving award,5Vh_SuIYJEk,50,60,train,0,5Vh_SuIYJEk_000050_000060.mp4
502,giving or receiving award,sZUOI7Lndqc,564,574,train,0,sZUOI7Lndqc_000564_000574.mp4
503,giving or receiving award,b-akxIIFC_8,27,37,train,0,b-akxIIFC_8_000027_000037.mp4
504,giving or receiving award,nhRUvq8bR7k,282,292,train,0,nhRUvq8bR7k_000282_000292.mp4
505,giving or receiving award,OAolouG_wXc,115,125,train,0,OAolouG_wXc_000115_000125.mp4
506,giving or receiving award,P43981y2v_Y,70,80,train,0,P43981y2v_Y_000070_000080.mp4
507,giving or receiving award,yILh_jMJv7k,6,16,train,0,yILh_jMJv7k_000006_000016.mp4
508,giving or receiving award,71VFsEhwmcE,39,49,train,0,71VFsEhwmcE_000039_000049.mp4
509,giving or receiving award,_duLyhbZqac,8,18,train,0,_duLyhbZqac_000008_000018.mp4
510,giving or receiving award,j45UYAYGVWg,516,526,train,0,j45UYAYGVWg_000516_000526.mp4
511,giving or receiving award,ZCpD_Y-N0vg,86,96,train,0,ZCpD_Y-N0vg_000086_000096.mp4
512,giving or receiving award,vm6u0AVPiQ0,100,110,train,0,vm6u0AVPiQ0_000100_000110.mp4
513,giving or receiving award,JmdpHv82kPg,81,91,train,0,JmdpHv82kPg_000081_000091.mp4
514,giving or receiving award,UsnrFaMTv1Q,214,224,train,0,UsnrFaMTv1Q_000214_000224.mp4
515,giving or receiving award,IYghCz1Ly5Y,8,18,train,0,IYghCz1Ly5Y_000008_000018.mp4
516,giving or receiving award,ag8XOk6vxQo,599,609,train,0,ag8XOk6vxQo_000599_000609.mp4
517,giving or receiving award,sYFY1t0D51k,5,15,train,0,sYFY1t0D51k_000005_000015.mp4
518,giving or receiving award,rBxLZWb6Df4,17,27,train,0,rBxLZWb6Df4_000017_000027.mp4
519,giving or receiving award,kWIH_CEc2xM,38,48,train,0,kWIH_CEc2xM_000038_000048.mp4
520,giving or receiving award,11gjjHfzCc0,53,63,train,0,11gjjHfzCc0_000053_000063.mp4
521,giving or receiving award,45qlloAXtV8,123,133,train,0,45qlloAXtV8_000123_000133.mp4
522,giving or receiving award,ZnMAixv4_CY,2,12,train,0,ZnMAixv4_CY_000002_000012.mp4
523,giving or receiving award,uFb4EuBh_4Q,218,228,train,0,uFb4EuBh_4Q_000218_000228.mp4
524,giving or receiving award,q3zHe3hrD64,26,36,train,1,q3zHe3hrD64_000026_000036.mp4
525,giving or receiving award,v8Rroahrgio,173,183,train,0,v8Rroahrgio_000173_000183.mp4
526,giving or receiving award,uaNJW05Ya8s,100,110,train,0,uaNJW05Ya8s_000100_000110.mp4
527,giving or receiving award,gtmIdpYyvRY,193,203,train,0,gtmIdpYyvRY_000193_000203.mp4
528,giving or receiving award,DLZu3dmijM4,0,10,train,0,DLZu3dmijM4_000000_000010.mp4
529,giving or receiving award,w0AdY141ORk,173,183,train,0,w0AdY141ORk_000173_000183.mp4
530,giving or receiving award,2ATgxOp31oI,63,73,train,0,2ATgxOp31oI_000063_000073.mp4
531,giving or receiving award,65ZruvW3r4s,30,40,train,0,65ZruvW3r4s_000030_000040.mp4
532,giving or receiving award,AgU7nQMbAQM,41,51,train,0,AgU7nQMbAQM_000041_000051.mp4
533,giving or receiving award,fhXWmMoEPfc,27,37,train,0,fhXWmMoEPfc_000027_000037.mp4
534,giving or receiving award,I1gyarS8oPY,226,236,train,1,I1gyarS8oPY_000226_000236.mp4
535,hurdling,LIZBOpmeey0,3,13,train,0,LIZBOpmeey0_000003_000013.mp4
536,hurdling,pu5ev56QfP8,13,23,train,0,pu5ev56QfP8_000013_000023.mp4
537,hurdling,0SaxV9L5uic,17,27,train,0,0SaxV9L5uic_000017_000027.mp4
538,hurdling,ZxeelB66A8c,8,18,train,0,ZxeelB66A8c_000008_000018.mp4
539,hurdling,-68VwvBfeeg,3,13,train,0,-68VwvBfeeg_000003_000013.mp4
540,hurdling,JEvQ5A1ggco,20,30,train,0,JEvQ5A1ggco_000020_000030.mp4
541,hurdling,kd2edFoy8W4,3,13,train,0,kd2edFoy8W4_000003_000013.mp4
542,hurdling,T4-AEVW66V0,3,13,train,0,T4-AEVW66V0_000003_000013.mp4
543,hurdling,HKPkD62UM-k,9,19,train,0,HKPkD62UM-k_000009_000019.mp4
544,hurdling,cWZgLQqvi04,15,25,train,0,cWZgLQqvi04_000015_000025.mp4
545,hurdling,UEL9EMlAQDw,99,109,train,0,UEL9EMlAQDw_000099_000109.mp4
546,hurdling,NgW80dKNQSM,8,18,train,0,NgW80dKNQSM_000008_000018.mp4
547,hurdling,ZXTG6ioT9XU,31,41,train,0,ZXTG6ioT9XU_000031_000041.mp4
548,hurdling,gGuvz_Yy65A,0,10,train,0,gGuvz_Yy65A_000000_000010.mp4
549,hurdling,QDW29o3Gcbo,18,28,train,0,QDW29o3Gcbo_000018_000028.mp4
550,hurdling,tnkhn9IrOfY,4,14,train,0,tnkhn9IrOfY_000004_000014.mp4
551,hurdling,qRERfDIPWPI,4,14,train,0,qRERfDIPWPI_000004_000014.mp4
552,hurdling,IePszfBi6LA,4,14,train,0,IePszfBi6LA_000004_000014.mp4
553,hurdling,xwSXwDePKKM,29,39,train,0,xwSXwDePKKM_000029_000039.mp4
554,hurdling,9r8wpMS2iEk,48,58,train,0,9r8wpMS2iEk_000048_000058.mp4
555,hurdling,593iAA1S_Yg,0,10,train,0,593iAA1S_Yg_000000_000010.mp4
556,hurdling,-vAOikxwtSI,6,16,train,0,-vAOikxwtSI_000006_000016.mp4
557,hurdling,Qc9_2qwkS44,9,19,train,0,Qc9_2qwkS44_000009_000019.mp4
558,hurdling,ZAIgy_EIpBc,6,16,train,0,ZAIgy_EIpBc_000006_000016.mp4
559,hurdling,px9654C8fp8,15,25,train,0,px9654C8fp8_000015_000025.mp4
560,hurdling,snUU_fCYjr4,13,23,train,0,snUU_fCYjr4_000013_000023.mp4
561,hurdling,DyKQbdKj6Ss,1,11,train,0,DyKQbdKj6Ss_000001_000011.mp4
562,hurdling,dbMFEIku4dI,5,15,train,0,dbMFEIku4dI_000005_000015.mp4
563,hurdling,b6rd-618wb8,6,16,train,0,b6rd-618wb8_000006_000016.mp4
564,hurdling,ZYPsn9oaOrU,14,24,train,0,ZYPsn9oaOrU_000014_000024.mp4
565,hurdling,METLIHURcmY,4,14,train,0,METLIHURcmY_000004_000014.mp4
566,hurdling,7EYNWIBJAtE,205,215,train,0,7EYNWIBJAtE_000205_000215.mp4
567,hurdling,RN1jGV3HFK8,22,32,train,0,RN1jGV3HFK8_000022_000032.mp4
568,hurdling,ggxcDpmEvbQ,3,13,train,0,ggxcDpmEvbQ_000003_000013.mp4
569,hurdling,MR1xsqg42eA,19,29,train,0,MR1xsqg42eA_000019_000029.mp4
570,hurdling,5I7NeuQdBgI,0,10,train,0,5I7NeuQdBgI_000000_000010.mp4
571,hurdling,FwYrkv3ZcGo,0,10,train,0,FwYrkv3ZcGo_000000_000010.mp4
572,hurdling,cxVsdFJyIiI,85,95,train,0,cxVsdFJyIiI_000085_000095.mp4
573,hurdling,jMNTugQjccE,16,26,train,0,jMNTugQjccE_000016_000026.mp4
574,hurdling,hCjHqTOU1Y0,0,10,train,0,hCjHqTOU1Y0_000000_000010.mp4
575,hurdling,wncIjxtN_Ek,5,15,train,0,wncIjxtN_Ek_000005_000015.mp4
576,hurdling,ErlvbIVGPX4,5,15,train,0,ErlvbIVGPX4_000005_000015.mp4
577,hurdling,uwK9fDYT5PU,71,81,train,0,uwK9fDYT5PU_000071_000081.mp4
578,hurdling,hXZGmWrSCtI,25,35,train,0,hXZGmWrSCtI_000025_000035.mp4
579,hurdling,rvADKu34rpA,27,37,train,0,rvADKu34rpA_000027_000037.mp4
580,hurdling,iCu3GdcMAg8,0,10,train,0,iCu3GdcMAg8_000000_000010.mp4
581,hurdling,ZLc_5PLVFp4,281,291,train,0,ZLc_5PLVFp4_000281_000291.mp4
582,laughing,iq50BTjtQjM,37,47,train,1,iq50BTjtQjM_000037_000047.mp4
583,laughing,zy1ASrp9K5Y,18,28,train,0,zy1ASrp9K5Y_000018_000028.mp4
584,laughing,QPB4jrAyJrM,15,25,train,0,QPB4jrAyJrM_000015_000025.mp4
585,laughing,DLJ_GoUkGy0,44,54,train,0,DLJ_GoUkGy0_000044_000054.mp4
586,laughing,Q5n9nSJ-0zs,6,16,train,0,Q5n9nSJ-0zs_000006_000016.mp4
587,laughing,Ymmm_NneIAQ,68,78,train,0,Ymmm_NneIAQ_000068_000078.mp4
588,laughing,3lLu6msJ7PA,49,59,train,0,3lLu6msJ7PA_000049_000059.mp4
589,laughing,KyMmKlGlECg,166,176,train,1,KyMmKlGlECg_000166_000176.mp4
590,laughing,CqtSaVT_IW8,133,143,train,1,CqtSaVT_IW8_000133_000143.mp4
591,laughing,Bx2LoYnJG0M,703,713,train,1,Bx2LoYnJG0M_000703_000713.mp4
592,laughing,TW2Fg2vdPGg,42,52,train,0,TW2Fg2vdPGg_000042_000052.mp4
593,laughing,kcxsVBxXsgw,0,10,train,0,kcxsVBxXsgw_000000_000010.mp4
594,laughing,D-VG76FpNKE,21,31,train,1,D-VG76FpNKE_000021_000031.mp4
595,laughing,BY1BWKQGKfo,7,17,train,0,BY1BWKQGKfo_000007_000017.mp4
596,laughing,-tzRVLORGvY,15,25,train,0,-tzRVLORGvY_000015_000025.mp4
597,laughing,Jyjn3tmK39M,339,349,train,1,Jyjn3tmK39M_000339_000349.mp4
598,laughing,MCLw8O5YTB8,31,41,train,0,MCLw8O5YTB8_000031_000041.mp4
599,laughing,Gp9nFFONvI8,106,116,train,1,Gp9nFFONvI8_000106_000116.mp4
600,laughing,GQx7xQiIQfY,13,23,train,0,GQx7xQiIQfY_000013_000023.mp4
601,laughing,Pka1ONug6g0,54,64,train,0,Pka1ONug6g0_000054_000064.mp4
602,laughing,nEg7AqjTSwU,0,10,train,0,nEg7AqjTSwU_000000_000010.mp4
603,laughing,UT1gwz5vYXc,76,86,train,0,UT1gwz5vYXc_000076_000086.mp4
604,laughing,xOZrv1VsmTU,4,14,train,1,xOZrv1VsmTU_000004_000014.mp4
605,laughing,n5qSo3w8bBg,80,90,train,0,n5qSo3w8bBg_000080_000090.mp4
606,laughing,5ZfAcLdEHKc,0,10,train,0,5ZfAcLdEHKc_000000_000010.mp4
607,laughing,xuMbMeFJS6I,86,96,train,0,xuMbMeFJS6I_000086_000096.mp4
608,laughing,nGpIrUKKHPk,6,16,train,1,nGpIrUKKHPk_000006_000016.mp4
609,laughing,K7lqeemM-XU,100,110,train,0,K7lqeemM-XU_000100_000110.mp4
610,laughing,Cq8NbvEOd3E,35,45,train,0,Cq8NbvEOd3E_000035_000045.mp4
611,laughing,F7NtwlnU_n0,56,66,train,1,F7NtwlnU_n0_000056_000066.mp4
612,laughing,K4TMpwQOXnM,57,67,train,0,K4TMpwQOXnM_000057_000067.mp4
613,laughing,GuXrFrNwLlk,27,37,train,0,GuXrFrNwLlk_000027_000037.mp4
614,laughing,FSApcm7ltpQ,85,95,train,0,FSApcm7ltpQ_000085_000095.mp4
615,laughing,m12JNY0q1Ys,47,57,train,0,m12JNY0q1Ys_000047_000057.mp4
616,laughing,puLdOPnkToQ,41,51,train,0,puLdOPnkToQ_000041_000051.mp4
617,laughing,zys1wa1TEP4,40,50,train,0,zys1wa1TEP4_000040_000050.mp4
618,laughing,0kQ4o5MG0tA,35,45,train,0,0kQ4o5MG0tA_000035_000045.mp4
619,laughing,DXKzA68hUbI,14,24,train,0,DXKzA68hUbI_000014_000024.mp4
620,laughing,hlOEa0Z-YLQ,4,14,train,0,hlOEa0Z-YLQ_000004_000014.mp4
621,laughing,H7CtWGVTxfA,30,40,train,1,H7CtWGVTxfA_000030_000040.mp4
622,laughing,r3-W9gLpXvI,35,45,train,1,r3-W9gLpXvI_000035_000045.mp4
623,laughing,JFsKLHnrYIM,20,30,train,0,JFsKLHnrYIM_000020_000030.mp4
624,laughing,rirfhUEHgZk,15,25,train,0,rirfhUEHgZk_000015_000025.mp4
625,laughing,6b8K9ePxUWY,14,24,train,0,6b8K9ePxUWY_000014_000024.mp4
626,laughing,mfCyI9rFMWw,53,63,train,0,mfCyI9rFMWw_000053_000063.mp4
627,laughing,wFCt37QysUI,0,10,train,0,wFCt37QysUI_000000_000010.mp4
628,laughing,6Y2kqGQBDBs,88,98,train,0,6Y2kqGQBDBs_000088_000098.mp4
629,laughing,JgCcW8d9ApI,24,34,train,0,JgCcW8d9ApI_000024_000034.mp4
630,laughing,aO-Dzse2sOo,1,11,train,0,aO-Dzse2sOo_000001_000011.mp4
631,laughing,lre1kr7S9Ic,352,362,train,0,lre1kr7S9Ic_000352_000362.mp4
632,laughing,ywCIg9IY804,357,367,train,0,ywCIg9IY804_000357_000367.mp4
633,laughing,xWFymLLSOJQ,65,75,train,0,xWFymLLSOJQ_000065_000075.mp4
634,laughing,gGqbx5TWpcA,54,64,train,0,gGqbx5TWpcA_000054_000064.mp4
635,laughing,Zsr8nfk7j2o,100,110,train,0,Zsr8nfk7j2o_000100_000110.mp4
636,laughing,fgpmgrKVbeQ,8,18,train,1,fgpmgrKVbeQ_000008_000018.mp4
637,laughing,EMbG-f5oc3U,82,92,train,0,EMbG-f5oc3U_000082_000092.mp4
638,laughing,8qNEeqoNQJM,4,14,train,0,8qNEeqoNQJM_000004_000014.mp4
639,laughing,hDZ0MbNw42Q,20,30,train,0,hDZ0MbNw42Q_000020_000030.mp4
640,laughing,f3aPmf6DNaw,16,26,train,0,f3aPmf6DNaw_000016_000026.mp4
641,laughing,AINHryEcmWM,15,25,train,1,AINHryEcmWM_000015_000025.mp4
642,laughing,g2lLJuBEUDc,4,14,train,1,g2lLJuBEUDc_000004_000014.mp4
643,laughing,8bHeX32fdjk,20,30,train,0,8bHeX32fdjk_000020_000030.mp4
644,laughing,aGhcyFZTw20,170,180,train,0,aGhcyFZTw20_000170_000180.mp4
645,laughing,-H1ScxTwBlw,123,133,train,0,-H1ScxTwBlw_000123_000133.mp4
646,laughing,LlViRqBqtGw,33,43,train,1,LlViRqBqtGw_000033_000043.mp4
647,laughing,1TZJqNJ4YtE,947,957,train,0,1TZJqNJ4YtE_000947_000957.mp4
648,laughing,NxSryNqm7q8,0,10,train,0,NxSryNqm7q8_000000_000010.mp4
649,laughing,ja-o8Yc5dWY,29,39,train,0,ja-o8Yc5dWY_000029_000039.mp4
650,laughing,-BIOMlhr3z8,467,477,train,0,-BIOMlhr3z8_000467_000477.mp4
651,laughing,gOvVk2OJMZI,0,10,train,0,gOvVk2OJMZI_000000_000010.mp4
652,laughing,WLhzV-d6D_I,4,14,train,0,WLhzV-d6D_I_000004_000014.mp4
653,laughing,1nyzGiAv4DU,13,23,train,0,1nyzGiAv4DU_000013_000023.mp4
654,laughing,O6MbrlTasi8,27,37,train,0,O6MbrlTasi8_000027_000037.mp4
655,laughing,Upp6O81gDDc,45,55,train,0,Upp6O81gDDc_000045_000055.mp4
656,laughing,qBqPkLzBDMM,79,89,train,0,qBqPkLzBDMM_000079_000089.mp4
657,laughing,K6mlRKG84iw,163,173,train,0,K6mlRKG84iw_000163_000173.mp4
658,laughing,Iz3XGryMS-Q,314,324,train,0,Iz3XGryMS-Q_000314_000324.mp4
659,laughing,nwn2pcu9F7s,481,491,train,1,nwn2pcu9F7s_000481_000491.mp4
660,moving furniture,SW63xvzX2Hk,38,48,train,0,SW63xvzX2Hk_000038_000048.mp4
661,moving furniture,qufk2sHtZAs,55,65,train,0,qufk2sHtZAs_000055_000065.mp4
662,moving furniture,reQAXGoOxkU,2,12,train,0,reQAXGoOxkU_000002_000012.mp4
663,moving furniture,mWClFj8DMxQ,17,27,train,0,mWClFj8DMxQ_000017_000027.mp4
664,moving furniture,jgZxEssDhPQ,59,69,train,0,jgZxEssDhPQ_000059_000069.mp4
665,moving furniture,9bo7l0fh-U4,5,15,train,0,9bo7l0fh-U4_000005_000015.mp4
666,moving furniture,iT6MFyr19T0,5,15,train,0,iT6MFyr19T0_000005_000015.mp4
667,moving furniture,qY-lPsk-GBk,45,55,train,0,qY-lPsk-GBk_000045_000055.mp4
668,moving furniture,kntdL92CON8,11,21,train,0,kntdL92CON8_000011_000021.mp4
669,moving furniture,eEcDYKrnFmY,36,46,train,0,eEcDYKrnFmY_000036_000046.mp4
670,moving furniture,fJQoaTvAyLs,4,14,train,0,fJQoaTvAyLs_000004_000014.mp4
671,moving furniture,9ypiYu-depI,4,14,train,0,9ypiYu-depI_000004_000014.mp4
672,moving furniture,GeFXbuNApjA,29,39,train,0,GeFXbuNApjA_000029_000039.mp4
673,moving furniture,SDTooAPN97o,3,13,train,0,SDTooAPN97o_000003_000013.mp4
674,moving furniture,uYnNp65GBE0,9,19,train,0,uYnNp65GBE0_000009_000019.mp4
675,moving furniture,lbCfrGzUZ-k,6,16,train,0,lbCfrGzUZ-k_000006_000016.mp4
676,moving furniture,I0i3GzySyIs,31,41,train,0,I0i3GzySyIs_000031_000041.mp4
677,moving furniture,VxGT7XW3MFE,12,22,train,0,VxGT7XW3MFE_000012_000022.mp4
678,moving furniture,d2rEDhLeCHg,0,10,train,0,d2rEDhLeCHg_000000_000010.mp4
679,moving furniture,LjdgtYZANfw,37,47,train,0,LjdgtYZANfw_000037_000047.mp4
680,moving furniture,O79-sFjl7ic,23,33,train,0,O79-sFjl7ic_000023_000033.mp4
681,moving furniture,LH6yb1WE5VY,3,13,train,0,LH6yb1WE5VY_000003_000013.mp4
682,moving furniture,zYVox8pmXjo,197,207,train,0,zYVox8pmXjo_000197_000207.mp4
683,moving furniture,guF5fPcGpVw,72,82,train,0,guF5fPcGpVw_000072_000082.mp4
684,moving furniture,FYd5UzZCw0Y,6,16,train,0,FYd5UzZCw0Y_000006_000016.mp4
685,moving furniture,B4Vf0-R0xD8,18,28,train,0,B4Vf0-R0xD8_000018_000028.mp4
686,moving furniture,ZcNHibfeisI,10,20,train,0,ZcNHibfeisI_000010_000020.mp4
687,moving furniture,t7uCl5n4soQ,6,16,train,0,t7uCl5n4soQ_000006_000016.mp4
688,playing basketball,W1rNiEqvxRY,39,49,train,0,W1rNiEqvxRY_000039_000049.mp4
689,playing basketball,Y9yVhh9AtK0,1,11,train,0,Y9yVhh9AtK0_000001_000011.mp4
690,playing basketball,y-fxZWezwQw,26,36,train,0,y-fxZWezwQw_000026_000036.mp4
691,playing basketball,2kHssXnB320,7,17,train,0,2kHssXnB320_000007_000017.mp4
692,playing basketball,qwe6HsVP0Q4,4,14,train,0,qwe6HsVP0Q4_000004_000014.mp4
693,playing basketball,J9B0w3zIwGE,111,121,train,0,J9B0w3zIwGE_000111_000121.mp4
694,playing basketball,oDdRZYSQalc,1,11,train,0,oDdRZYSQalc_000001_000011.mp4
695,playing basketball,tCqGeqkzPhE,31,41,train,0,tCqGeqkzPhE_000031_000041.mp4
696,playing basketball,6yZHPQoL5WA,98,108,train,0,6yZHPQoL5WA_000098_000108.mp4
697,playing basketball,MW1rAWd-kx0,0,10,train,0,MW1rAWd-kx0_000000_000010.mp4
698,playing basketball,1eFZzPSzWY4,33,43,train,0,1eFZzPSzWY4_000033_000043.mp4
699,playing basketball,Sd6jxGNiTBc,72,82,train,0,Sd6jxGNiTBc_000072_000082.mp4
700,playing basketball,DFlhH2eyakw,2,12,train,0,DFlhH2eyakw_000002_000012.mp4
701,playing basketball,46u_L1knFvM,3,13,train,0,46u_L1knFvM_000003_000013.mp4
702,playing basketball,_W0-AMA0BJo,18,28,train,0,_W0-AMA0BJo_000018_000028.mp4
703,playing basketball,qitibRDJSHU,3,13,train,0,qitibRDJSHU_000003_000013.mp4
704,playing basketball,BINLYyC_uSA,2,12,train,0,BINLYyC_uSA_000002_000012.mp4
705,playing basketball,XOhE-V9LzSM,135,145,train,0,XOhE-V9LzSM_000135_000145.mp4
706,playing basketball,3ROuoJJG9tU,21,31,train,0,3ROuoJJG9tU_000021_000031.mp4
707,playing basketball,BD3ztnKOXXs,32,42,train,0,BD3ztnKOXXs_000032_000042.mp4
708,playing basketball,G1mQ4P-RYsA,152,162,train,0,G1mQ4P-RYsA_000152_000162.mp4
709,playing basketball,Aoeou_RySJc,28,38,train,0,Aoeou_RySJc_000028_000038.mp4
710,playing basketball,J3cX0uW0v9E,163,173,train,0,J3cX0uW0v9E_000163_000173.mp4
711,playing basketball,5ZbO8WUUH9I,5,15,train,0,5ZbO8WUUH9I_000005_000015.mp4
712,playing basketball,mevaaT0h4Is,4,14,train,0,mevaaT0h4Is_000004_000014.mp4
713,playing basketball,ciBUwhGZt5E,2,12,train,0,ciBUwhGZt5E_000002_000012.mp4
714,playing basketball,8Fwx-UiI3hQ,307,317,train,0,8Fwx-UiI3hQ_000307_000317.mp4
715,playing basketball,-PuTD6uPGdU,3,13,train,0,-PuTD6uPGdU_000003_000013.mp4
716,playing basketball,NKN9dddqfms,23,33,train,0,NKN9dddqfms_000023_000033.mp4
717,playing basketball,Ff6ptTIkyT4,6,16,train,0,Ff6ptTIkyT4_000006_000016.mp4
718,playing basketball,MOG0xDAXk10,15,25,train,0,MOG0xDAXk10_000015_000025.mp4
719,playing basketball,2fqYeDwFK4I,55,65,train,0,2fqYeDwFK4I_000055_000065.mp4
720,playing basketball,M8_CX0gzj7c,4,14,train,0,M8_CX0gzj7c_000004_000014.mp4
721,playing basketball,PTxpIuE7_uU,229,239,train,0,PTxpIuE7_uU_000229_000239.mp4
722,playing basketball,wrAMhzLywLA,3,13,train,0,wrAMhzLywLA_000003_000013.mp4
723,playing basketball,hOXi-Q8JGTE,138,148,train,0,hOXi-Q8JGTE_000138_000148.mp4
724,playing basketball,Aqjug2ozWzE,1,11,train,0,Aqjug2ozWzE_000001_000011.mp4
725,playing basketball,akOT7lahHlU,1,11,train,0,akOT7lahHlU_000001_000011.mp4
726,playing basketball,mnxXQ_ss3Gw,28,38,train,0,mnxXQ_ss3Gw_000028_000038.mp4
727,playing basketball,ebpFnVIhM4Q,0,10,train,0,ebpFnVIhM4Q_000000_000010.mp4
728,playing basketball,do-_lD7akD4,65,75,train,0,do-_lD7akD4_000065_000075.mp4
729,playing basketball,BNWeyLDjhtk,413,423,train,0,BNWeyLDjhtk_000413_000423.mp4
730,playing basketball,eIRMu8wXd2A,1015,1025,train,0,eIRMu8wXd2A_001015_001025.mp4
731,playing basketball,sOa6V3zKUuk,117,127,train,0,sOa6V3zKUuk_000117_000127.mp4
732,playing basketball,91BtJh7tE7k,4,14,train,0,91BtJh7tE7k_000004_000014.mp4
733,playing basketball,TgmMGhPO16I,4,14,train,0,TgmMGhPO16I_000004_000014.mp4
734,playing basketball,xxqwQhr1WR8,172,182,train,0,xxqwQhr1WR8_000172_000182.mp4
735,playing basketball,1OhETka7a-k,42,52,train,0,1OhETka7a-k_000042_000052.mp4
736,playing basketball,EyV1uxKyqFE,1,11,train,0,EyV1uxKyqFE_000001_000011.mp4
737,playing basketball,a8F_GyU1Nps,56,66,train,0,a8F_GyU1Nps_000056_000066.mp4
738,playing basketball,-NjoVpRpasI,2,12,train,0,-NjoVpRpasI_000002_000012.mp4
739,playing basketball,iHaGM7PZ5hg,260,270,train,0,iHaGM7PZ5hg_000260_000270.mp4
740,playing basketball,DJpcVjpviu0,2,12,train,0,DJpcVjpviu0_000002_000012.mp4
741,playing basketball,ZPuw9XbX8o8,191,201,train,0,ZPuw9XbX8o8_000191_000201.mp4
742,playing basketball,iGjKkC6Jj2A,7,17,train,0,iGjKkC6Jj2A_000007_000017.mp4
743,playing basketball,JbXIzvqmBAA,4,14,train,0,JbXIzvqmBAA_000004_000014.mp4
744,playing basketball,ZwLdI91Xl7Q,40,50,train,0,ZwLdI91Xl7Q_000040_000050.mp4
745,playing basketball,Fn-7F-oUUok,4,14,train,0,Fn-7F-oUUok_000004_000014.mp4
746,playing basketball,v4zlQq8IHiU,38,48,train,0,v4zlQq8IHiU_000038_000048.mp4
747,playing basketball,MGEXHmjF5YM,4,14,train,0,MGEXHmjF5YM_000004_000014.mp4
748,playing basketball,egZS6NZehww,4,14,train,0,egZS6NZehww_000004_000014.mp4
749,playing basketball,31hm6WzNgKE,162,172,train,0,31hm6WzNgKE_000162_000172.mp4
750,playing basketball,MW2UB3Wj8mc,27,37,train,0,MW2UB3Wj8mc_000027_000037.mp4
751,playing basketball,N_Ef_RWW8Yo,182,192,train,0,N_Ef_RWW8Yo_000182_000192.mp4
752,playing basketball,UAt8xqLuLks,1,11,train,1,UAt8xqLuLks_000001_000011.mp4
753,playing basketball,AldofiQ7WgA,7,17,train,0,AldofiQ7WgA_000007_000017.mp4
754,playing basketball,mAlEtWNtPZA,253,263,train,0,mAlEtWNtPZA_000253_000263.mp4
755,playing basketball,NNrsItN5yoo,77,87,train,0,NNrsItN5yoo_000077_000087.mp4
756,playing basketball,LxwWbko-Lzw,26,36,train,0,LxwWbko-Lzw_000026_000036.mp4
757,playing basketball,_qY89gyytj4,36,46,train,0,_qY89gyytj4_000036_000046.mp4
758,playing basketball,f8DQoHmfF7o,62,72,train,0,f8DQoHmfF7o_000062_000072.mp4
759,playing basketball,6BfsqkE2wqc,68,78,train,0,6BfsqkE2wqc_000068_000078.mp4
760,playing basketball,iJqGq1TbSbA,71,81,train,1,iJqGq1TbSbA_000071_000081.mp4
761,playing basketball,27OkkOFyt2M,27,37,train,0,27OkkOFyt2M_000027_000037.mp4
762,playing basketball,66f_BYTaLdI,173,183,train,0,66f_BYTaLdI_000173_000183.mp4
763,playing basketball,zYedz70cH6E,22,32,train,0,zYedz70cH6E_000022_000032.mp4
764,playing basketball,FiF3isHXfs0,106,116,train,0,FiF3isHXfs0_000106_000116.mp4
765,playing basketball,ke5G0LB2MDw,277,287,train,0,ke5G0LB2MDw_000277_000287.mp4
766,playing basketball,ke2xVVgcauI,8,18,train,0,ke2xVVgcauI_000008_000018.mp4
767,playing basketball,J_yUZWj0lrk,21,31,train,0,J_yUZWj0lrk_000021_000031.mp4
768,playing basketball,o-bTz_UiEtM,51,61,train,0,o-bTz_UiEtM_000051_000061.mp4
769,playing basketball,v9ogtiDIJjk,4,14,train,0,v9ogtiDIJjk_000004_000014.mp4
770,playing basketball,c9Vuhwzi36M,29,39,train,0,c9Vuhwzi36M_000029_000039.mp4
771,playing basketball,sR2VCMtf38Q,215,225,train,0,sR2VCMtf38Q_000215_000225.mp4
772,playing basketball,V3evSjRIaqo,88,98,train,0,V3evSjRIaqo_000088_000098.mp4
773,playing basketball,LGe7P2t2mcA,7,17,train,0,LGe7P2t2mcA_000007_000017.mp4
774,playing basketball,oCTJAML182M,5,15,train,0,oCTJAML182M_000005_000015.mp4
775,playing basketball,mZSlaT1sJbc,186,196,train,0,mZSlaT1sJbc_000186_000196.mp4
776,playing basketball,tJcJr5Gl-vM,27,37,train,0,tJcJr5Gl-vM_000027_000037.mp4
777,playing basketball,Nxfo2-o5OvA,14,24,train,0,Nxfo2-o5OvA_000014_000024.mp4
778,playing basketball,7dd54xBt1d0,1959,1969,train,0,7dd54xBt1d0_001959_001969.mp4
779,playing basketball,NJAXo4lMclI,1,11,train,0,NJAXo4lMclI_000001_000011.mp4
780,playing basketball,-mH7NMpapqk,1,11,train,0,-mH7NMpapqk_000001_000011.mp4
781,playing basketball,baaPNYcQ6Lo,27,37,train,0,baaPNYcQ6Lo_000027_000037.mp4
782,playing basketball,KICDIp0RlHE,2,12,train,0,KICDIp0RlHE_000002_000012.mp4
783,playing basketball,MF7iHADeJao,2,12,train,0,MF7iHADeJao_000002_000012.mp4
784,playing basketball,aS-HvOH_qY8,82,92,train,0,aS-HvOH_qY8_000082_000092.mp4
785,playing basketball,OEpbHTWfmzM,2,12,train,0,OEpbHTWfmzM_000002_000012.mp4
786,playing basketball,dSEOoD4bELI,51,61,train,0,dSEOoD4bELI_000051_000061.mp4
787,playing basketball,hooWv7rTWts,245,255,train,0,hooWv7rTWts_000245_000255.mp4
788,playing paintball,A12NQAdRUO0,111,121,train,0,A12NQAdRUO0_000111_000121.mp4
789,playing paintball,BKcFNj5kW5A,71,81,train,0,BKcFNj5kW5A_000071_000081.mp4
790,playing paintball,B1WO6wBzF7U,111,121,train,0,B1WO6wBzF7U_000111_000121.mp4
791,playing paintball,0yEy6vbj7T0,187,197,train,0,0yEy6vbj7T0_000187_000197.mp4
792,playing paintball,NKGH7vR3hnw,35,45,train,0,NKGH7vR3hnw_000035_000045.mp4
793,playing paintball,ofkvWOYwZL0,33,43,train,0,ofkvWOYwZL0_000033_000043.mp4
794,playing paintball,5oW3fE8-4_w,35,45,train,0,5oW3fE8-4_w_000035_000045.mp4
795,playing paintball,S3biRFWha58,222,232,train,1,S3biRFWha58_000222_000232.mp4
796,playing paintball,EFFR_QEuDNc,10,20,train,0,EFFR_QEuDNc_000010_000020.mp4
797,playing paintball,R81hpqwrUJg,315,325,train,0,R81hpqwrUJg_000315_000325.mp4
798,playing paintball,iwQTHtCCUBA,70,80,train,0,iwQTHtCCUBA_000070_000080.mp4
799,playing paintball,EYJdto9ibco,380,390,train,0,EYJdto9ibco_000380_000390.mp4
800,playing paintball,o6GV-V3PTyE,105,115,train,0,o6GV-V3PTyE_000105_000115.mp4
801,playing paintball,N0lOmzlssp4,0,10,train,1,N0lOmzlssp4_000000_000010.mp4
802,playing paintball,qLGKkkH2JCQ,70,80,train,1,qLGKkkH2JCQ_000070_000080.mp4
803,playing paintball,8Yd9usMf_7s,24,34,train,0,8Yd9usMf_7s_000024_000034.mp4
804,playing paintball,O6aNd6Os_z0,78,88,train,0,O6aNd6Os_z0_000078_000088.mp4
805,playing paintball,skIcdpca-Yw,269,279,train,0,skIcdpca-Yw_000269_000279.mp4
806,playing paintball,7x71dLCw65Q,21,31,train,0,7x71dLCw65Q_000021_000031.mp4
807,playing paintball,XZw6-SIOOUQ,52,62,train,0,XZw6-SIOOUQ_000052_000062.mp4
808,playing paintball,SZtm9VZsv4Q,21,31,train,0,SZtm9VZsv4Q_000021_000031.mp4
809,playing paintball,yIB-ipHWVVg,33,43,train,0,yIB-ipHWVVg_000033_000043.mp4
810,playing paintball,xjDtuIi13wo,0,10,train,0,xjDtuIi13wo_000000_000010.mp4
811,playing paintball,neCfbGTstcs,25,35,train,0,neCfbGTstcs_000025_000035.mp4
812,playing paintball,bCPBZKd8ytQ,77,87,train,0,bCPBZKd8ytQ_000077_000087.mp4
813,playing paintball,WYs9NyaCOQY,5,15,train,0,WYs9NyaCOQY_000005_000015.mp4
814,playing paintball,bXryX-XzeW8,4,14,train,0,bXryX-XzeW8_000004_000014.mp4
815,playing paintball,1-Yezrc1Yig,15,25,train,0,1-Yezrc1Yig_000015_000025.mp4
816,playing paintball,9k39HZ4NiV0,107,117,train,0,9k39HZ4NiV0_000107_000117.mp4
817,playing paintball,Ix1jvqTKu_o,0,10,train,0,Ix1jvqTKu_o_000000_000010.mp4
818,playing paintball,zEGh456dIvI,112,122,train,1,zEGh456dIvI_000112_000122.mp4
819,playing paintball,RTVptOI_g1I,45,55,train,0,RTVptOI_g1I_000045_000055.mp4
820,playing paintball,mlBGAgXkkSA,3,13,train,0,mlBGAgXkkSA_000003_000013.mp4
821,playing paintball,iUzbsKxzJYU,155,165,train,0,iUzbsKxzJYU_000155_000165.mp4
822,playing paintball,HhoGgUr-5FM,6,16,train,1,HhoGgUr-5FM_000006_000016.mp4
823,playing paintball,1-Y5z-CE_B0,9,19,train,0,1-Y5z-CE_B0_000009_000019.mp4
824,playing paintball,KgaJJIe6emU,365,375,train,0,KgaJJIe6emU_000365_000375.mp4
825,playing paintball,9aSstacvrFE,264,274,train,1,9aSstacvrFE_000264_000274.mp4
826,playing paintball,RmXB-IJqgDc,2,12,train,0,RmXB-IJqgDc_000002_000012.mp4
827,playing paintball,9UIsgTy6c_0,7,17,train,0,9UIsgTy6c_0_000007_000017.mp4
828,playing paintball,7gWkfDGz-3k,67,77,train,0,7gWkfDGz-3k_000067_000077.mp4
829,playing paintball,GPSCvuSDa00,0,10,train,0,GPSCvuSDa00_000000_000010.mp4
830,playing paintball,-KSlNTNJDxo,9,19,train,0,-KSlNTNJDxo_000009_000019.mp4
831,playing paintball,EXebFJ36_Zw,1,11,train,0,EXebFJ36_Zw_000001_000011.mp4
832,playing paintball,EKRhRo_f_18,90,100,train,0,EKRhRo_f_18_000090_000100.mp4
833,playing paintball,Y4Fy_2nRpK0,28,38,train,0,Y4Fy_2nRpK0_000028_000038.mp4
834,playing paintball,iz5i8p_cMow,59,69,train,0,iz5i8p_cMow_000059_000069.mp4
835,playing paintball,cz6tntbastQ,197,207,train,0,cz6tntbastQ_000197_000207.mp4
836,playing paintball,q6mn5AuBY_g,46,56,train,0,q6mn5AuBY_g_000046_000056.mp4
837,playing paintball,VoAclAyOO-k,10,20,train,0,VoAclAyOO-k_000010_000020.mp4
838,playing paintball,wKZ69rbZ8FA,4,14,train,0,wKZ69rbZ8FA_000004_000014.mp4
839,playing paintball,wp0E4ci-nlA,825,835,train,0,wp0E4ci-nlA_000825_000835.mp4
840,playing paintball,efD9wexP1D4,29,39,train,0,efD9wexP1D4_000029_000039.mp4
841,playing paintball,M7oCPwFkQUM,61,71,train,0,M7oCPwFkQUM_000061_000071.mp4
842,playing paintball,gYqDIEe4oZ8,37,47,train,0,gYqDIEe4oZ8_000037_000047.mp4
843,playing paintball,ItUrRJ2tQIo,215,225,train,0,ItUrRJ2tQIo_000215_000225.mp4
844,playing paintball,bSK1Gs8vumw,44,54,train,0,bSK1Gs8vumw_000044_000054.mp4
845,playing paintball,et2iRmElcfU,44,54,train,0,et2iRmElcfU_000044_000054.mp4
846,playing paintball,DVB07V6qPfs,45,55,train,0,DVB07V6qPfs_000045_000055.mp4
847,playing paintball,oaE_Uu46yQI,268,278,train,0,oaE_Uu46yQI_000268_000278.mp4
848,playing paintball,j9nmN_rRRH8,29,39,train,0,j9nmN_rRRH8_000029_000039.mp4
849,playing paintball,WZ7x-oiFnZc,1,11,train,0,WZ7x-oiFnZc_000001_000011.mp4
850,playing paintball,cgp6OK1eNMk,76,86,train,1,cgp6OK1eNMk_000076_000086.mp4
851,playing paintball,WFPOOksdd2A,227,237,train,0,WFPOOksdd2A_000227_000237.mp4
852,playing paintball,N5TjKUHflRw,48,58,train,0,N5TjKUHflRw_000048_000058.mp4
853,playing paintball,xjDDk5X_7Bc,106,116,train,0,xjDDk5X_7Bc_000106_000116.mp4
854,playing paintball,YKT2YIHYEa4,34,44,train,0,YKT2YIHYEa4_000034_000044.mp4
855,playing paintball,F14c0tsXhmE,23,33,train,0,F14c0tsXhmE_000023_000033.mp4
856,playing paintball,7h_DB0tkraE,52,62,train,0,7h_DB0tkraE_000052_000062.mp4
857,playing paintball,gk8cwVdD_sQ,168,178,train,0,gk8cwVdD_sQ_000168_000178.mp4
858,playing paintball,O6Up1IO3FNw,27,37,train,1,O6Up1IO3FNw_000027_000037.mp4
859,playing paintball,72Sd1NcXpMo,444,454,train,1,72Sd1NcXpMo_000444_000454.mp4
860,playing paintball,BX3oYDnggCA,16,26,train,0,BX3oYDnggCA_000016_000026.mp4
861,playing paintball,PJFb42RHVc8,72,82,train,0,PJFb42RHVc8_000072_000082.mp4
862,playing paintball,XV3waqDC4vU,79,89,train,0,XV3waqDC4vU_000079_000089.mp4
863,playing paintball,sue3vpCUCIU,89,99,train,0,sue3vpCUCIU_000089_000099.mp4
864,playing paintball,tiaqMs68DsU,191,201,train,0,tiaqMs68DsU_000191_000201.mp4
865,playing paintball,A-UZFeKpeRw,325,335,train,0,A-UZFeKpeRw_000325_000335.mp4
866,playing paintball,7x8U1cChsI0,4,14,train,0,7x8U1cChsI0_000004_000014.mp4
867,playing paintball,7BHBcaYTlww,57,67,train,0,7BHBcaYTlww_000057_000067.mp4
868,playing paintball,Ll2RrBbqmDg,6,16,train,0,Ll2RrBbqmDg_000006_000016.mp4
869,playing paintball,CI2z_R9PBfk,307,317,train,0,CI2z_R9PBfk_000307_000317.mp4
870,playing paintball,WFOej7fWgls,300,310,train,0,WFOej7fWgls_000300_000310.mp4
871,playing paintball,lbSa2aeQCJE,193,203,train,0,lbSa2aeQCJE_000193_000203.mp4
872,playing paintball,lrlEukuKg6U,142,152,train,0,lrlEukuKg6U_000142_000152.mp4
873,playing paintball,TrNv9KLac7o,8,18,train,0,TrNv9KLac7o_000008_000018.mp4
874,playing paintball,YTRyKz-2zqc,69,79,train,0,YTRyKz-2zqc_000069_000079.mp4
875,playing paintball,lWyCRlNCP54,135,145,train,1,lWyCRlNCP54_000135_000145.mp4
876,playing paintball,DwtfQiZ0-bQ,310,320,train,0,DwtfQiZ0-bQ_000310_000320.mp4
877,playing paintball,kQrMMxL6d0k,401,411,train,1,kQrMMxL6d0k_000401_000411.mp4
878,playing paintball,v1ZOQViwKek,75,85,train,0,v1ZOQViwKek_000075_000085.mp4
879,playing paintball,4_XbCQMU9Sk,7,17,train,0,4_XbCQMU9Sk_000007_000017.mp4
880,playing paintball,hM8fJQiJOZI,323,333,train,0,hM8fJQiJOZI_000323_000333.mp4
881,playing paintball,9uyHn1qpY7c,122,132,train,0,9uyHn1qpY7c_000122_000132.mp4
882,playing paintball,acVNYl00KKI,327,337,train,1,acVNYl00KKI_000327_000337.mp4
883,playing paintball,wZ4F0jSiqcw,0,10,train,0,wZ4F0jSiqcw_000000_000010.mp4
884,playing paintball,BTrW4KrK9E8,82,92,train,0,BTrW4KrK9E8_000082_000092.mp4
885,playing paintball,jRnUL1aYHaQ,0,10,train,0,jRnUL1aYHaQ_000000_000010.mp4
886,playing paintball,B3yZH_mZIx4,392,402,train,0,B3yZH_mZIx4_000392_000402.mp4
887,push up,apv8OHTcg2Y,3,13,train,0,apv8OHTcg2Y_000003_000013.mp4
888,push up,63_95aTR5V4,45,55,train,0,63_95aTR5V4_000045_000055.mp4
889,push up,ekhHO6lmWVM,133,143,train,0,ekhHO6lmWVM_000133_000143.mp4
890,push up,kiLKq7a46Eg,17,27,train,0,kiLKq7a46Eg_000017_000027.mp4
891,push up,TbNSDgRxgtU,22,32,train,0,TbNSDgRxgtU_000022_000032.mp4
892,push up,GWQGZVQD7B8,3,13,train,0,GWQGZVQD7B8_000003_000013.mp4
893,push up,l4hZmhKrqq8,14,24,train,0,l4hZmhKrqq8_000014_000024.mp4
894,push up,HNLI2ZvzEWM,41,51,train,0,HNLI2ZvzEWM_000041_000051.mp4
895,push up,7-oMB0k0sSM,58,68,train,0,7-oMB0k0sSM_000058_000068.mp4
896,push up,8lz2QbjIBVQ,15,25,train,0,8lz2QbjIBVQ_000015_000025.mp4
897,push up,XeidoTtIYjs,3,13,train,0,XeidoTtIYjs_000003_000013.mp4
898,push up,O16aP_Pa02U,0,10,train,1,O16aP_Pa02U_000000_000010.mp4
899,push up,T7cFWoN4gB8,213,223,train,0,T7cFWoN4gB8_000213_000223.mp4
900,push up,EiwOvQm_Xp4,56,66,train,0,EiwOvQm_Xp4_000056_000066.mp4
901,push up,OWaQW8lVJH0,19,29,train,0,OWaQW8lVJH0_000019_000029.mp4
902,push up,YmbhZliJSqc,3,13,train,1,YmbhZliJSqc_000003_000013.mp4
903,push up,HpEERbuIr0w,3,13,train,0,HpEERbuIr0w_000003_000013.mp4
904,push up,kI2snsZuCfw,3,13,train,0,kI2snsZuCfw_000003_000013.mp4
905,push up,tPD4VcvIw44,0,10,train,0,tPD4VcvIw44_000000_000010.mp4
906,push up,qUJTsNSTY7g,196,206,train,0,qUJTsNSTY7g_000196_000206.mp4
907,push up,2x2HwO35Koo,26,36,train,0,2x2HwO35Koo_000026_000036.mp4
908,push up,ErGscxt3t_Q,32,42,train,0,ErGscxt3t_Q_000032_000042.mp4
909,push up,W_HSCRKTrxs,65,75,train,0,W_HSCRKTrxs_000065_000075.mp4
910,push up,QIYF7Gq6J60,6,16,train,0,QIYF7Gq6J60_000006_000016.mp4
911,push up,lTcKtnpHU2c,34,44,train,0,lTcKtnpHU2c_000034_000044.mp4
912,push up,qIMdZrszoEI,72,82,train,0,qIMdZrszoEI_000072_000082.mp4
913,push up,H_fTQGPuQN4,5,15,train,0,H_fTQGPuQN4_000005_000015.mp4
914,push up,OMDPM5YkEPM,145,155,train,0,OMDPM5YkEPM_000145_000155.mp4
915,push up,a2LBOKwdPcQ,1,11,train,0,a2LBOKwdPcQ_000001_000011.mp4
916,push up,8_wh5fmqMtA,0,10,train,0,8_wh5fmqMtA_000000_000010.mp4
917,push up,kG7YKyngVLU,0,10,train,0,kG7YKyngVLU_000000_000010.mp4
918,push up,bPUYRc3HZSk,6,16,train,0,bPUYRc3HZSk_000006_000016.mp4
919,push up,9Vjm76Ux7wI,8,18,train,1,9Vjm76Ux7wI_000008_000018.mp4
920,push up,RgwCJmzwxBU,15,25,train,1,RgwCJmzwxBU_000015_000025.mp4
921,push up,G-_DB4PFkdw,13,23,train,0,G-_DB4PFkdw_000013_000023.mp4
922,push up,wg3U2WoHV0s,2,12,train,0,wg3U2WoHV0s_000002_000012.mp4
923,push up,dKrwUsC7cZw,42,52,train,0,dKrwUsC7cZw_000042_000052.mp4
924,push up,0z2kEQaf_kE,2,12,train,0,0z2kEQaf_kE_000002_000012.mp4
925,push up,ZpvE-jLTqaU,99,109,train,0,ZpvE-jLTqaU_000099_000109.mp4
926,push up,WZQJHNLG-eM,57,67,train,0,WZQJHNLG-eM_000057_000067.mp4
927,push up,q3YMMhH-I40,11,21,train,0,q3YMMhH-I40_000011_000021.mp4
928,push up,NM8_O3IbAlw,2,12,train,0,NM8_O3IbAlw_000002_000012.mp4
929,push up,rFExw6OEIrA,3,13,train,0,rFExw6OEIrA_000003_000013.mp4
930,push up,5E3-5buOI6c,50,60,train,0,5E3-5buOI6c_000050_000060.mp4
931,push up,ttu7BqYc0GU,13,23,train,1,ttu7BqYc0GU_000013_000023.mp4
932,push up,lJzuVZtREMQ,31,41,train,1,lJzuVZtREMQ_000031_000041.mp4
933,roller skating,WYXdmNV1VpE,126,136,train,0,WYXdmNV1VpE_000126_000136.mp4
934,roller skating,YfiCguPHA4s,47,57,train,0,YfiCguPHA4s_000047_000057.mp4
935,roller skating,4JpcgtnzpXg,108,118,train,0,4JpcgtnzpXg_000108_000118.mp4
936,roller skating,0NF6r2zCZvs,358,368,train,0,0NF6r2zCZvs_000358_000368.mp4
937,roller skating,WbZnpkmhsmw,49,59,train,0,WbZnpkmhsmw_000049_000059.mp4
938,roller skating,jwcmwiDuLRA,65,75,train,0,jwcmwiDuLRA_000065_000075.mp4
939,roller skating,SmfQF6eZotA,5,15,train,0,SmfQF6eZotA_000005_000015.mp4
940,roller skating,zV1pVORR0nU,25,35,train,0,zV1pVORR0nU_000025_000035.mp4
941,roller skating,dahHRWm4h0w,244,254,train,0,dahHRWm4h0w_000244_000254.mp4
942,roller skating,almG8hzsI_w,79,89,train,0,almG8hzsI_w_000079_000089.mp4
943,roller skating,CC687Ky69as,101,111,train,0,CC687Ky69as_000101_000111.mp4
944,roller skating,Nf0zgVq7L2Y,191,201,train,0,Nf0zgVq7L2Y_000191_000201.mp4
945,roller skating,VhvrR8QGYuk,57,67,train,0,VhvrR8QGYuk_000057_000067.mp4
946,roller skating,ykapZ-KIxl0,219,229,train,0,ykapZ-KIxl0_000219_000229.mp4
947,roller skating,xQzQdNP8T-k,236,246,train,0,xQzQdNP8T-k_000236_000246.mp4
948,roller skating,qWckCBPPhYY,47,57,train,0,qWckCBPPhYY_000047_000057.mp4
949,roller skating,Rp4UdJyYJ6Q,704,714,train,0,Rp4UdJyYJ6Q_000704_000714.mp4
950,roller skating,3l_j7XDdohw,155,165,train,0,3l_j7XDdohw_000155_000165.mp4
951,roller skating,dTSibH-GFHI,164,174,train,0,dTSibH-GFHI_000164_000174.mp4
952,roller skating,XddGz87J5as,41,51,train,0,XddGz87J5as_000041_000051.mp4
953,roller skating,jOlVyQUycXw,0,10,train,0,jOlVyQUycXw_000000_000010.mp4
954,roller skating,686OU0Oj7Zo,71,81,train,0,686OU0Oj7Zo_000071_000081.mp4
955,roller skating,5gRvwI7FAvk,9,19,train,0,5gRvwI7FAvk_000009_000019.mp4
956,roller skating,InuULAYAFUo,59,69,train,0,InuULAYAFUo_000059_000069.mp4
957,roller skating,0WaDbpdRZGc,0,10,train,0,0WaDbpdRZGc_000000_000010.mp4
958,roller skating,cK3GXPNn1x8,168,178,train,0,cK3GXPNn1x8_000168_000178.mp4
959,roller skating,_ibHiO3ZmJA,68,78,train,0,_ibHiO3ZmJA_000068_000078.mp4
960,roller skating,v0c7cGy2SGs,12,22,train,0,v0c7cGy2SGs_000012_000022.mp4
961,roller skating,GeO4qIzBktM,7,17,train,0,GeO4qIzBktM_000007_000017.mp4
962,roller skating,OZbcOKa6Bd8,14,24,train,0,OZbcOKa6Bd8_000014_000024.mp4
963,roller skating,m0KffdmrgkY,17,27,train,0,m0KffdmrgkY_000017_000027.mp4
964,roller skating,skttBSgm48M,32,42,train,0,skttBSgm48M_000032_000042.mp4
965,roller skating,6JlJZDg2DH8,333,343,train,0,6JlJZDg2DH8_000333_000343.mp4
966,roller skating,lcwxCylcWbY,67,77,train,0,lcwxCylcWbY_000067_000077.mp4
967,roller skating,4imGsznYLUE,55,65,train,0,4imGsznYLUE_000055_000065.mp4
968,roller skating,Qn1ijMxXNBQ,1052,1062,train,0,Qn1ijMxXNBQ_001052_001062.mp4
969,roller skating,c3d6Z0swBpw,928,938,train,0,c3d6Z0swBpw_000928_000938.mp4
970,roller skating,__h4pXC5aFA,55,65,train,0,__h4pXC5aFA_000055_000065.mp4
971,roller skating,dxf4ro46Sdo,122,132,train,0,dxf4ro46Sdo_000122_000132.mp4
972,roller skating,fAS_EP0ILxw,12,22,train,1,fAS_EP0ILxw_000012_000022.mp4
973,roller skating,BPaHFJssK-8,152,162,train,0,BPaHFJssK-8_000152_000162.mp4
974,roller skating,QfV_oDxi3vg,18,28,train,0,QfV_oDxi3vg_000018_000028.mp4
975,roller skating,0Wb78UbU1AU,116,126,train,0,0Wb78UbU1AU_000116_000126.mp4
976,roller skating,dCbnzfge2E4,141,151,train,0,dCbnzfge2E4_000141_000151.mp4
977,roller skating,VMBM_zfIDeI,668,678,train,0,VMBM_zfIDeI_000668_000678.mp4
978,roller skating,VdjXrX46SZg,11,21,train,0,VdjXrX46SZg_000011_000021.mp4
979,roller skating,MHRAMvBomTo,181,191,train,0,MHRAMvBomTo_000181_000191.mp4
980,roller skating,peeUay0GKAI,244,254,train,0,peeUay0GKAI_000244_000254.mp4
981,roller skating,dsyc2-YFamc,15,25,train,0,dsyc2-YFamc_000015_000025.mp4
982,roller skating,gEF9h7OSfok,212,222,train,0,gEF9h7OSfok_000212_000222.mp4
983,roller skating,uENQ-X7yp2Q,20,30,train,0,uENQ-X7yp2Q_000020_000030.mp4
984,roller skating,ZQtFUUttDXc,0,10,train,0,ZQtFUUttDXc_000000_000010.mp4
985,roller skating,h16n1ybDXec,157,167,train,0,h16n1ybDXec_000157_000167.mp4
986,roller skating,dF3BTuERlU4,16,26,train,0,dF3BTuERlU4_000016_000026.mp4
987,roller skating,3eORtRSnFNY,45,55,train,0,3eORtRSnFNY_000045_000055.mp4
988,roller skating,V9gLfzquiMA,65,75,train,0,V9gLfzquiMA_000065_000075.mp4
989,roller skating,GHRguzP031E,249,259,train,0,GHRguzP031E_000249_000259.mp4
990,roller skating,UtlO1EC8ARI,268,278,train,0,UtlO1EC8ARI_000268_000278.mp4
991,roller skating,34ixbtSJXSE,283,293,train,0,34ixbtSJXSE_000283_000293.mp4
992,roller skating,JmGFE6tLvw0,46,56,train,0,JmGFE6tLvw0_000046_000056.mp4
993,roller skating,Cj8JOgrbfYA,218,228,train,0,Cj8JOgrbfYA_000218_000228.mp4
994,roller skating,smGvwUgalLA,79,89,train,0,smGvwUgalLA_000079_000089.mp4
995,roller skating,oevqPMP29rc,168,178,train,0,oevqPMP29rc_000168_000178.mp4
996,roller skating,n2KBvEiu5W0,277,287,train,0,n2KBvEiu5W0_000277_000287.mp4
997,roller skating,UwMujZfH7Sw,130,140,train,0,UwMujZfH7Sw_000130_000140.mp4
998,roller skating,f6rptbVC2yI,40,50,train,0,f6rptbVC2yI_000040_000050.mp4
999,roller skating,O2F1A_fOWZ4,2,12,train,0,O2F1A_fOWZ4_000002_000012.mp4
1000,roller skating,BZGjdbTWIjw,155,165,train,0,BZGjdbTWIjw_000155_000165.mp4
1001,roller skating,O9KzTFxTM-s,2,12,train,1,O9KzTFxTM-s_000002_000012.mp4
1002,roller skating,JzVyaC9713c,147,157,train,0,JzVyaC9713c_000147_000157.mp4
1003,roller skating,Qt8RBNEvjRY,179,189,train,0,Qt8RBNEvjRY_000179_000189.mp4
1004,roller skating,KUn_yW7IEK4,27,37,train,0,KUn_yW7IEK4_000027_000037.mp4
1005,roller skating,iiwfzbrKlh4,131,141,train,1,iiwfzbrKlh4_000131_000141.mp4
1006,roller skating,CVuf9UEsC7k,60,70,train,0,CVuf9UEsC7k_000060_000070.mp4
1007,roller skating,EOHzl7Guz20,1,11,train,1,EOHzl7Guz20_000001_000011.mp4
1008,roller skating,o5fImHZdcAU,195,205,train,0,o5fImHZdcAU_000195_000205.mp4
1009,roller skating,aETSHQtZCMk,75,85,train,0,aETSHQtZCMk_000075_000085.mp4
1010,roller skating,86Umr2Bio1o,323,333,train,0,86Umr2Bio1o_000323_000333.mp4
1011,roller skating,5Ulh7exE88E,21,31,train,0,5Ulh7exE88E_000021_000031.mp4
1012,roller skating,kZ-NCwPMu6I,186,196,train,0,kZ-NCwPMu6I_000186_000196.mp4
1013,roller skating,dcX6Lu8nFBU,42,52,train,0,dcX6Lu8nFBU_000042_000052.mp4
1014,shredding paper,Bxaci02OQ18,19,29,train,0,Bxaci02OQ18_000019_000029.mp4
1015,shredding paper,YJ-Nd4pvhRA,111,121,train,0,YJ-Nd4pvhRA_000111_000121.mp4
1016,shredding paper,xztVL4Hz0zQ,31,41,train,0,xztVL4Hz0zQ_000031_000041.mp4
1017,shredding paper,C7mRZ9xCyF8,19,29,train,0,C7mRZ9xCyF8_000019_000029.mp4
1018,shredding paper,DL5sEDqxdQM,122,132,train,0,DL5sEDqxdQM_000122_000132.mp4
1019,shredding paper,buMUByf8PQQ,302,312,train,0,buMUByf8PQQ_000302_000312.mp4
1020,shredding paper,gJz9iRi0vOc,24,34,train,0,gJz9iRi0vOc_000024_000034.mp4
1021,shredding paper,3yM75tJhsdQ,22,32,train,0,3yM75tJhsdQ_000022_000032.mp4
1022,shredding paper,MnGW-269Sww,56,66,train,0,MnGW-269Sww_000056_000066.mp4
1023,shredding paper,KYtOAyRPGF8,32,42,train,0,KYtOAyRPGF8_000032_000042.mp4
1024,shredding paper,jH6HONKnvUY,2,12,train,0,jH6HONKnvUY_000002_000012.mp4
1025,shredding paper,OraMRXJh2Nc,4,14,train,0,OraMRXJh2Nc_000004_000014.mp4
1026,shredding paper,NhbZ9HX1AT8,33,43,train,0,NhbZ9HX1AT8_000033_000043.mp4
1027,shredding paper,qd-UBUcDZcs,29,39,train,0,qd-UBUcDZcs_000029_000039.mp4
1028,shredding paper,z3oysbPliR4,125,135,train,0,z3oysbPliR4_000125_000135.mp4
1029,shredding paper,qrdIIh_piCQ,36,46,train,0,qrdIIh_piCQ_000036_000046.mp4
1030,shredding paper,b0KNfbc0-cw,71,81,train,0,b0KNfbc0-cw_000071_000081.mp4
1031,shredding paper,2dKC2TjSak4,25,35,train,0,2dKC2TjSak4_000025_000035.mp4
1032,shredding paper,Gr-2Hhtl2Sg,8,18,train,0,Gr-2Hhtl2Sg_000008_000018.mp4
1033,shredding paper,LAJHRAAI_uw,19,29,train,0,LAJHRAAI_uw_000019_000029.mp4
1034,shredding paper,ZySe2xehrVI,4,14,train,0,ZySe2xehrVI_000004_000014.mp4
1035,shredding paper,sHktZj1Qs_o,0,10,train,0,sHktZj1Qs_o_000000_000010.mp4
1036,shredding paper,ErBToD-ngHw,9,19,train,0,ErBToD-ngHw_000009_000019.mp4
1037,shredding paper,htC4h20-BAY,93,103,train,0,htC4h20-BAY_000093_000103.mp4
1038,shredding paper,djvWXTpsxz8,54,64,train,0,djvWXTpsxz8_000054_000064.mp4
1039,sniffing,89T-j3nSsdI,477,487,train,0,89T-j3nSsdI_000477_000487.mp4
1040,sniffing,AcqYYDhRhOQ,93,103,train,0,AcqYYDhRhOQ_000093_000103.mp4
1041,sniffing,52ET3x7QrNA,308,318,train,0,52ET3x7QrNA_000308_000318.mp4
1042,sniffing,i12ikN0eF2c,27,37,train,0,i12ikN0eF2c_000027_000037.mp4
1043,sniffing,JMw-m1a2TG8,35,45,train,0,JMw-m1a2TG8_000035_000045.mp4
1044,sniffing,e9rLRErQUW0,18,28,train,0,e9rLRErQUW0_000018_000028.mp4
1045,sniffing,SSwV0UYbfkY,0,10,train,0,SSwV0UYbfkY_000000_000010.mp4
1046,sniffing,PHXtFd9iMYA,75,85,train,0,PHXtFd9iMYA_000075_000085.mp4
1047,sniffing,hIcgmDy1fJk,17,27,train,0,hIcgmDy1fJk_000017_000027.mp4
1048,sniffing,LdVmIB6gC5M,156,166,train,0,LdVmIB6gC5M_000156_000166.mp4
1049,sniffing,G6oe3uzVM0g,339,349,train,0,G6oe3uzVM0g_000339_000349.mp4
1050,sniffing,98Z83mC37Bw,1,11,train,0,98Z83mC37Bw_000001_000011.mp4
1051,sniffing,do44nsXp7Dc,94,104,train,0,do44nsXp7Dc_000094_000104.mp4
1052,sniffing,D8U6N8QOehM,18,28,train,0,D8U6N8QOehM_000018_000028.mp4
1053,sniffing,cyG2rkbuNy4,3,13,train,0,cyG2rkbuNy4_000003_000013.mp4
1054,sniffing,kXtld6zotNQ,51,61,train,0,kXtld6zotNQ_000051_000061.mp4
1055,sniffing,mHZya0Oq0ac,302,312,train,0,mHZya0Oq0ac_000302_000312.mp4
1056,sniffing,mZ6-eRBJDwo,2,12,train,0,mZ6-eRBJDwo_000002_000012.mp4
1057,sniffing,SIwMR_gXWVY,3,13,train,0,SIwMR_gXWVY_000003_000013.mp4
1058,sniffing,YWk9erbS370,7,17,train,0,YWk9erbS370_000007_000017.mp4
1059,sniffing,44MynkhTcSc,18,28,train,0,44MynkhTcSc_000018_000028.mp4
1060,sniffing,MSFgIrfqTM4,33,43,train,0,MSFgIrfqTM4_000033_000043.mp4
1061,sniffing,FeEjdaYXWCk,10,20,train,0,FeEjdaYXWCk_000010_000020.mp4
1062,sniffing,YGkwUaCAL6w,16,26,train,0,YGkwUaCAL6w_000016_000026.mp4
1063,sniffing,ddUSLkWt2wk,11,21,train,0,ddUSLkWt2wk_000011_000021.mp4
1064,swimming breast stroke,2uDuWpBiTQE,21,31,train,0,2uDuWpBiTQE_000021_000031.mp4
1065,swimming breast stroke,HUM3Bp3n1ac,32,42,train,0,HUM3Bp3n1ac_000032_000042.mp4
1066,swimming breast stroke,_szK2PAWXE4,12,22,train,0,_szK2PAWXE4_000012_000022.mp4
1067,swimming breast stroke,GbkvoIHnW1I,92,102,train,0,GbkvoIHnW1I_000092_000102.mp4
1068,swimming breast stroke,dVuZVCOXXVY,2,12,train,0,dVuZVCOXXVY_000002_000012.mp4
1069,swimming breast stroke,Ep-t9fjvUrI,21,31,train,0,Ep-t9fjvUrI_000021_000031.mp4
1070,swimming breast stroke,FZmYdVwh2G8,2,12,train,0,FZmYdVwh2G8_000002_000012.mp4
1071,swimming breast stroke,b33WbBAff_k,44,54,train,0,b33WbBAff_k_000044_000054.mp4
1072,swimming breast stroke,7oy5Fnam9oU,137,147,train,0,7oy5Fnam9oU_000137_000147.mp4
1073,swimming breast stroke,iNulfYYLisk,26,36,train,0,iNulfYYLisk_000026_000036.mp4
1074,swimming breast stroke,FgGx8Uj-1nI,39,49,train,0,FgGx8Uj-1nI_000039_000049.mp4
1075,swimming breast stroke,JD2dkewhHmY,42,52,train,0,JD2dkewhHmY_000042_000052.mp4
1076,swimming breast stroke,A_fuYthm-jo,9,19,train,0,A_fuYthm-jo_000009_000019.mp4
1077,swimming breast stroke,-EtzU3Qj7gQ,64,74,train,0,-EtzU3Qj7gQ_000064_000074.mp4
1078,swimming breast stroke,D5-0i_ZPLC4,13,23,train,0,D5-0i_ZPLC4_000013_000023.mp4
1079,swimming breast stroke,6dvkUOwuOOk,36,46,train,0,6dvkUOwuOOk_000036_000046.mp4
1080,swimming breast stroke,44tMUwPenAQ,26,36,train,0,44tMUwPenAQ_000026_000036.mp4
1081,swimming breast stroke,xakug8Eh4iM,17,27,train,0,xakug8Eh4iM_000017_000027.mp4
1082,swimming breast stroke,3LAYSvgZ5k8,63,73,train,0,3LAYSvgZ5k8_000063_000073.mp4
1083,swimming breast stroke,_HWMygUJCx4,12,22,train,0,_HWMygUJCx4_000012_000022.mp4
1084,swimming breast stroke,ie1lF8eiKlg,54,64,train,0,ie1lF8eiKlg_000054_000064.mp4
1085,swimming breast stroke,G5KSrYU1Dfs,15,25,train,0,G5KSrYU1Dfs_000015_000025.mp4
1086,swimming breast stroke,8Y152i748Wo,43,53,train,0,8Y152i748Wo_000043_000053.mp4
1087,swimming breast stroke,5xXtlRSJ2rw,10,20,train,0,5xXtlRSJ2rw_000010_000020.mp4
1088,swimming breast stroke,2JVdbn7ApLE,21,31,train,0,2JVdbn7ApLE_000021_000031.mp4
1089,swimming breast stroke,KXVFjynC0Ek,4,14,train,0,KXVFjynC0Ek_000004_000014.mp4
1090,swimming breast stroke,ytosi8n4Dmw,97,107,train,0,ytosi8n4Dmw_000097_000107.mp4
1091,swimming breast stroke,9lYnhiSPzvY,39,49,train,0,9lYnhiSPzvY_000039_000049.mp4
1092,swimming breast stroke,cydzFMKzCSQ,23,33,train,0,cydzFMKzCSQ_000023_000033.mp4
1093,swimming breast stroke,4pDM_Am4TKU,62,72,train,0,4pDM_Am4TKU_000062_000072.mp4
1094,swimming breast stroke,HhnaVqBmuSE,28,38,train,0,HhnaVqBmuSE_000028_000038.mp4
1095,swimming breast stroke,jwlQ1WyogUQ,3,13,train,0,jwlQ1WyogUQ_000003_000013.mp4
1096,swimming breast stroke,homOOwwBR3E,43,53,train,0,homOOwwBR3E_000043_000053.mp4
1097,swimming breast stroke,-fOPck1xRFk,134,144,train,0,-fOPck1xRFk_000134_000144.mp4
1098,swimming breast stroke,qj1X-Ki3HBE,84,94,train,0,qj1X-Ki3HBE_000084_000094.mp4
1099,swimming breast stroke,KD5c7bdC95I,6,16,train,0,KD5c7bdC95I_000006_000016.mp4
1100,swimming breast stroke,5mWouQ2q03c,11,21,train,0,5mWouQ2q03c_000011_000021.mp4
1101,swimming breast stroke,5SPVL3ke4EA,20,30,train,0,5SPVL3ke4EA_000020_000030.mp4
1102,swimming breast stroke,q4HkCZ6Jl-Y,12,22,train,0,q4HkCZ6Jl-Y_000012_000022.mp4
1103,swimming breast stroke,M9fBCmXmlhk,4,14,train,0,M9fBCmXmlhk_000004_000014.mp4
1104,swimming breast stroke,Fksmj2HH-MQ,8,18,train,0,Fksmj2HH-MQ_000008_000018.mp4
1105,swimming breast stroke,NENYKift2r4,81,91,train,0,NENYKift2r4_000081_000091.mp4
1106,swimming breast stroke,KiPw2YPVeRA,48,58,train,0,KiPw2YPVeRA_000048_000058.mp4
1107,swimming breast stroke,kEkLxpfTVxc,30,40,train,0,kEkLxpfTVxc_000030_000040.mp4
1108,swimming breast stroke,UHbCAsg-Y9U,69,79,train,0,UHbCAsg-Y9U_000069_000079.mp4
1109,swimming breast stroke,KMpiUOwMbeU,190,200,train,0,KMpiUOwMbeU_000190_000200.mp4
1110,swimming breast stroke,BQXtOSnyZt0,111,121,train,0,BQXtOSnyZt0_000111_000121.mp4
1111,swimming breast stroke,aBI6r8RmEfA,22,32,train,0,aBI6r8RmEfA_000022_000032.mp4
1112,swimming breast stroke,oXxENC9wXus,13,23,train,0,oXxENC9wXus_000013_000023.mp4
1113,swimming breast stroke,uBOscZBA994,216,226,train,0,uBOscZBA994_000216_000226.mp4
1114,swimming breast stroke,gI7kRbz9DvQ,2,12,train,0,gI7kRbz9DvQ_000002_000012.mp4
1115,swimming breast stroke,tm94ICmT5t0,40,50,train,0,tm94ICmT5t0_000040_000050.mp4
1116,swimming breast stroke,n5mOGdbpM5M,96,106,train,0,n5mOGdbpM5M_000096_000106.mp4
1117,swimming breast stroke,JwmEIjR6GGQ,137,147,train,0,JwmEIjR6GGQ_000137_000147.mp4
1118,swimming breast stroke,GMeaJeyJEyI,14,24,train,0,GMeaJeyJEyI_000014_000024.mp4
1119,swimming breast stroke,7tmfLY7L2-I,42,52,train,0,7tmfLY7L2-I_000042_000052.mp4
1120,swimming breast stroke,JdPtFKXrCH4,2,12,train,0,JdPtFKXrCH4_000002_000012.mp4
1121,swimming breast stroke,I7kSB7CGm18,60,70,train,0,I7kSB7CGm18_000060_000070.mp4
1122,swimming breast stroke,f3A5QITZuTo,32,42,train,0,f3A5QITZuTo_000032_000042.mp4
1123,swimming breast stroke,Ih9UfPnbt9g,86,96,train,0,Ih9UfPnbt9g_000086_000096.mp4
1124,swimming breast stroke,3SLnStxNG7M,81,91,train,0,3SLnStxNG7M_000081_000091.mp4
1125,swimming breast stroke,FPuq2qYv9GM,205,215,train,0,FPuq2qYv9GM_000205_000215.mp4
1126,swimming breast stroke,IFPVfEyW0tM,25,35,train,0,IFPVfEyW0tM_000025_000035.mp4
1127,swimming breast stroke,weLV1Yl1M6g,57,67,train,0,weLV1Yl1M6g_000057_000067.mp4
1128,swimming breast stroke,xfhxLmHf14c,8,18,train,0,xfhxLmHf14c_000008_000018.mp4
1129,swimming breast stroke,ZhXAix2PJGI,16,26,train,0,ZhXAix2PJGI_000016_000026.mp4
1130,swimming breast stroke,-bjbA_Vbcss,27,37,train,0,-bjbA_Vbcss_000027_000037.mp4
1131,swimming breast stroke,hVJ58rkhDGQ,56,66,train,0,hVJ58rkhDGQ_000056_000066.mp4
1132,tobogganing,c1bM6KjGuos,68,78,train,0,c1bM6KjGuos_000068_000078.mp4
1133,tobogganing,nKBKuoR88Cc,8,18,train,0,nKBKuoR88Cc_000008_000018.mp4
1134,tobogganing,H80hlv5P41Y,8,18,train,0,H80hlv5P41Y_000008_000018.mp4
1135,tobogganing,VDSi_vF1tO4,11,21,train,0,VDSi_vF1tO4_000011_000021.mp4
1136,tobogganing,CEgZ5VifZ38,1,11,train,0,CEgZ5VifZ38_000001_000011.mp4
1137,tobogganing,HmfkhuwotG4,79,89,train,0,HmfkhuwotG4_000079_000089.mp4
1138,tobogganing,TInq-m2xDko,12,22,train,0,TInq-m2xDko_000012_000022.mp4
1139,tobogganing,LdqNh4UJaxs,0,10,train,0,LdqNh4UJaxs_000000_000010.mp4
1140,tobogganing,rGoCXlm6XRg,0,10,train,0,rGoCXlm6XRg_000000_000010.mp4
1141,tobogganing,3JOLy8JULHk,10,20,train,0,3JOLy8JULHk_000010_000020.mp4
1142,tobogganing,4I9apoqehuM,6,16,train,0,4I9apoqehuM_000006_000016.mp4
1143,tobogganing,1-HzoNEwKO4,2,12,train,0,1-HzoNEwKO4_000002_000012.mp4
1144,tobogganing,GFd6vv5YL1c,2,12,train,1,GFd6vv5YL1c_000002_000012.mp4
1145,tobogganing,5ZbPHTTZM9s,3,13,train,0,5ZbPHTTZM9s_000003_000013.mp4
1146,tobogganing,dDgRbglAcrU,42,52,train,0,dDgRbglAcrU_000042_000052.mp4
1147,tobogganing,6I8gU6s_g3M,2,12,train,0,6I8gU6s_g3M_000002_000012.mp4
1148,tobogganing,8RC5eWzYdho,9,19,train,0,8RC5eWzYdho_000009_000019.mp4
1149,tobogganing,DQjXpxDmulw,5,15,train,0,DQjXpxDmulw_000005_000015.mp4
1150,tobogganing,w4Stt4ZC2Bc,3,13,train,0,w4Stt4ZC2Bc_000003_000013.mp4
1151,tobogganing,HGAUpDKVTuc,103,113,train,0,HGAUpDKVTuc_000103_000113.mp4
1152,tobogganing,AYxTrod0Mm0,15,25,train,0,AYxTrod0Mm0_000015_000025.mp4
1153,tobogganing,s8jJ1aG_oC4,1,11,train,0,s8jJ1aG_oC4_000001_000011.mp4
1154,tobogganing,ne_tx2ZuhPE,43,53,train,0,ne_tx2ZuhPE_000043_000053.mp4
1155,tobogganing,OHcVas6AO70,0,10,train,0,OHcVas6AO70_000000_000010.mp4
1156,tobogganing,M2zl7ydnR_k,38,48,train,0,M2zl7ydnR_k_000038_000048.mp4
1157,tobogganing,USJkl7g-q_Y,9,19,train,0,USJkl7g-q_Y_000009_000019.mp4
1158,tobogganing,tnzcsXbe3SY,72,82,train,0,tnzcsXbe3SY_000072_000082.mp4
1159,tobogganing,ePRZ1RoTu3o,1,11,train,0,ePRZ1RoTu3o_000001_000011.mp4
1160,tobogganing,Kel9PaeoJMs,83,93,train,0,Kel9PaeoJMs_000083_000093.mp4
1161,tobogganing,6fSYauHtuKk,2,12,train,0,6fSYauHtuKk_000002_000012.mp4
1162,tobogganing,amapso_EKGA,1,11,train,0,amapso_EKGA_000001_000011.mp4
1163,tobogganing,V9eVPEmAXus,3,13,train,0,V9eVPEmAXus_000003_000013.mp4
1164,tobogganing,XTt8bE5fWzs,1,11,train,0,XTt8bE5fWzs_000001_000011.mp4
1165,tobogganing,cTHRqOjBQjo,28,38,train,0,cTHRqOjBQjo_000028_000038.mp4
1166,tobogganing,Oam8VvTOe14,3,13,train,0,Oam8VvTOe14_000003_000013.mp4
1167,tobogganing,dfuh37L68rc,15,25,train,0,dfuh37L68rc_000015_000025.mp4
1168,tobogganing,wI4kA9RjNP8,0,10,train,0,wI4kA9RjNP8_000000_000010.mp4
1169,tobogganing,tzP1nYVzDwE,4,14,train,0,tzP1nYVzDwE_000004_000014.mp4
1170,tobogganing,O_57TtBdy1I,85,95,train,0,O_57TtBdy1I_000085_000095.mp4
1171,tobogganing,Z71ITrhVu64,10,20,train,0,Z71ITrhVu64_000010_000020.mp4
1172,tobogganing,RQrMlyMeePY,2,12,train,0,RQrMlyMeePY_000002_000012.mp4
1173,tobogganing,jovQanchmyg,0,10,train,0,jovQanchmyg_000000_000010.mp4
1174,tobogganing,C7PnXmBzPDI,1,11,train,0,C7PnXmBzPDI_000001_000011.mp4
1175,tobogganing,RgnOt3UA6zU,1,11,train,0,RgnOt3UA6zU_000001_000011.mp4
1176,tobogganing,885VJg2BmlE,23,33,train,0,885VJg2BmlE_000023_000033.mp4
1177,tobogganing,JWJ9pBDJARY,14,24,train,0,JWJ9pBDJARY_000014_000024.mp4
1178,tobogganing,P732EOudxfA,102,112,train,0,P732EOudxfA_000102_000112.mp4
1179,tobogganing,ksxK7IeYTRg,41,51,train,0,ksxK7IeYTRg_000041_000051.mp4
1180,tobogganing,ZqPbwdrGr9c,0,10,train,0,ZqPbwdrGr9c_000000_000010.mp4
1181,tobogganing,vqwg0RNqLAs,8,18,train,0,vqwg0RNqLAs_000008_000018.mp4
1182,tobogganing,GgS5j6mpKNU,4,14,train,0,GgS5j6mpKNU_000004_000014.mp4
1183,tobogganing,Mryc-_He8cQ,34,44,train,0,Mryc-_He8cQ_000034_000044.mp4
1184,tobogganing,1FaC6nzR2eY,2,12,train,0,1FaC6nzR2eY_000002_000012.mp4
1185,tobogganing,gKqqPuuP4qY,74,84,train,0,gKqqPuuP4qY_000074_000084.mp4
1186,tobogganing,gKqZWCAHkOI,34,44,train,0,gKqZWCAHkOI_000034_000044.mp4
1187,tobogganing,Dq4PksZS1VE,1,11,train,0,Dq4PksZS1VE_000001_000011.mp4
1188,tobogganing,NbK1-3jnwYc,2,12,train,0,NbK1-3jnwYc_000002_000012.mp4
1189,tobogganing,OTr0EDrtHtI,0,10,train,0,OTr0EDrtHtI_000000_000010.mp4
1190,tobogganing,wz_YSgznqG8,15,25,train,0,wz_YSgznqG8_000015_000025.mp4
1191,tobogganing,It-u0LQf1Ac,1,11,train,0,It-u0LQf1Ac_000001_000011.mp4
1192,tobogganing,qP-3tvCh_1E,18,28,train,0,qP-3tvCh_1E_000018_000028.mp4
1193,tobogganing,nJ1SsD1-8k4,4,14,train,0,nJ1SsD1-8k4_000004_000014.mp4
1194,tobogganing,fHV6E-ZD8WM,0,10,train,0,fHV6E-ZD8WM_000000_000010.mp4
1195,tobogganing,MwQijj-uyAc,1,11,train,0,MwQijj-uyAc_000001_000011.mp4
1196,tobogganing,jIBN66jiJYE,2,12,train,0,jIBN66jiJYE_000002_000012.mp4
1197,tobogganing,rUFi6VKVgOY,2,12,train,0,rUFi6VKVgOY_000002_000012.mp4
1198,tobogganing,j-HCOeyyALM,2,12,train,0,j-HCOeyyALM_000002_000012.mp4
1199,tobogganing,QlpkX-CwZ08,3,13,train,0,QlpkX-CwZ08_000003_000013.mp4
1200,tobogganing,0AWkgm4Fydo,6,16,train,0,0AWkgm4Fydo_000006_000016.mp4
1201,tobogganing,df_HJk8TCYQ,13,23,train,0,df_HJk8TCYQ_000013_000023.mp4
1202,tobogganing,nuYjl2IqxPQ,1,11,train,0,nuYjl2IqxPQ_000001_000011.mp4
1203,tobogganing,LaGWeDmBelg,1,11,train,0,LaGWeDmBelg_000001_000011.mp4
1204,tobogganing,M1SrTIDkR5A,0,10,train,0,M1SrTIDkR5A_000000_000010.mp4
1205,tobogganing,FdGz_Q0fR7Q,71,81,train,0,FdGz_Q0fR7Q_000071_000081.mp4
1206,tobogganing,8iq7blcd_RU,3,13,train,0,8iq7blcd_RU_000003_000013.mp4
1207,tobogganing,IPJq-n-6Ki8,1,11,train,0,IPJq-n-6Ki8_000001_000011.mp4
1208,tobogganing,TY7REF6D6IY,3,13,train,0,TY7REF6D6IY_000003_000013.mp4
1209,tobogganing,UyJUdzaX-kk,45,55,train,0,UyJUdzaX-kk_000045_000055.mp4
1210,tobogganing,cS6FeJGsd4I,100,110,train,0,cS6FeJGsd4I_000100_000110.mp4
1211,tobogganing,a6Uhm_4Xptg,35,45,train,1,a6Uhm_4Xptg_000035_000045.mp4
1212,tobogganing,fpRPQKySH3Q,12,22,train,0,fpRPQKySH3Q_000012_000022.mp4
1213,tobogganing,OVIkW5yLrKI,0,10,train,0,OVIkW5yLrKI_000000_000010.mp4
1214,tobogganing,lWGhBY8tQMY,6,16,train,0,lWGhBY8tQMY_000006_000016.mp4
1215,tobogganing,Z8BfuJmUGq4,1,11,train,0,Z8BfuJmUGq4_000001_000011.mp4
1216,tobogganing,Xn0_Qv3kYzI,6,16,train,0,Xn0_Qv3kYzI_000006_000016.mp4
1217,tobogganing,1X8PMaQY3p4,27,37,train,0,1X8PMaQY3p4_000027_000037.mp4
1218,tobogganing,xeJmXzSWO-4,6,16,train,0,xeJmXzSWO-4_000006_000016.mp4
1219,tobogganing,adslCoIteYE,2,12,train,0,adslCoIteYE_000002_000012.mp4
1220,tobogganing,lD1qZg7-_wg,47,57,train,0,lD1qZg7-_wg_000047_000057.mp4
1221,tobogganing,FjNvufaISyQ,4,14,train,0,FjNvufaISyQ_000004_000014.mp4
1222,tobogganing,da8Hj-ZoyLA,4,14,train,0,da8Hj-ZoyLA_000004_000014.mp4
1223,tobogganing,HU9Y0VDcP2U,8,18,train,0,HU9Y0VDcP2U_000008_000018.mp4
1224,tobogganing,5Ach-d2aqMQ,61,71,train,0,5Ach-d2aqMQ_000061_000071.mp4
1225,tobogganing,1Wm3x_k7gqs,109,119,train,0,1Wm3x_k7gqs_000109_000119.mp4
1226,tobogganing,NaB542o0wNc,2,12,train,0,NaB542o0wNc_000002_000012.mp4
1227,tobogganing,9axGP4_nI6g,0,10,train,0,9axGP4_nI6g_000000_000010.mp4
1228,tobogganing,gONzaG-qXEw,10,20,train,0,gONzaG-qXEw_000010_000020.mp4
1229,tobogganing,eNsjC2fQ8eY,71,81,train,0,eNsjC2fQ8eY_000071_000081.mp4
1230,tobogganing,QpCPpuPSB3Y,58,68,train,0,QpCPpuPSB3Y_000058_000068.mp4
1231,tobogganing,VIBs_ulONjU,7,17,train,0,VIBs_ulONjU_000007_000017.mp4
1232,washing feet,kTq5OikDT_4,0,10,train,0,kTq5OikDT_4_000000_000010.mp4
1233,washing feet,beuzWHGJeng,202,212,train,0,beuzWHGJeng_000202_000212.mp4
1234,washing feet,NbjHItlQdBM,75,85,train,0,NbjHItlQdBM_000075_000085.mp4
1235,washing feet,3cKiBxc2T_0,114,124,train,0,3cKiBxc2T_0_000114_000124.mp4
1236,washing feet,rR6f9gMg0qw,11,21,train,0,rR6f9gMg0qw_000011_000021.mp4
1237,washing feet,CfIst8DNrvA,264,274,train,0,CfIst8DNrvA_000264_000274.mp4
1238,washing feet,SuufhDQIUaA,43,53,train,0,SuufhDQIUaA_000043_000053.mp4
1239,washing feet,hgR4k8Up1GI,335,345,train,0,hgR4k8Up1GI_000335_000345.mp4
1240,washing feet,ttC8KmKG-RI,67,77,train,0,ttC8KmKG-RI_000067_000077.mp4
1241,washing feet,AjOB6fH1AdI,7869,7879,train,0,AjOB6fH1AdI_007869_007879.mp4
1242,washing feet,gVIAPjkwrVQ,21,31,train,0,gVIAPjkwrVQ_000021_000031.mp4
1243,washing feet,sQfg-eqFxj4,125,135,train,0,sQfg-eqFxj4_000125_000135.mp4
1244,washing feet,Ff84bWyqhCY,165,175,train,0,Ff84bWyqhCY_000165_000175.mp4
1245,washing feet,a739cm17Mw8,118,128,train,0,a739cm17Mw8_000118_000128.mp4
1246,washing feet,WCg7p_wbHVI,331,341,train,0,WCg7p_wbHVI_000331_000341.mp4
1247,washing feet,lQaQ3PC04CY,706,716,train,0,lQaQ3PC04CY_000706_000716.mp4
1248,washing feet,RVGBcKzleKI,119,129,train,0,RVGBcKzleKI_000119_000129.mp4
1249,washing feet,idZL69cMJzM,247,257,train,0,idZL69cMJzM_000247_000257.mp4
1250,washing feet,sNXNYsnNYT8,2,12,train,0,sNXNYsnNYT8_000002_000012.mp4
1251,washing feet,jQ4x88OjcUc,0,10,train,0,jQ4x88OjcUc_000000_000010.mp4
1252,washing feet,unUYubYx9z0,17,27,train,0,unUYubYx9z0_000017_000027.mp4
1253,washing feet,HtlcnmVRsGc,139,149,train,0,HtlcnmVRsGc_000139_000149.mp4
1254,washing feet,1D6VUApKJ_M,12,22,train,0,1D6VUApKJ_M_000012_000022.mp4
1255,washing feet,goJJ7sW6ftg,51,61,train,0,goJJ7sW6ftg_000051_000061.mp4
1256,washing feet,WE64KOwmlt8,25,35,train,0,WE64KOwmlt8_000025_000035.mp4
1257,washing feet,eUtFIPRfcd0,149,159,train,0,eUtFIPRfcd0_000149_000159.mp4
1258,washing feet,K8H-RcjZekc,64,74,train,0,K8H-RcjZekc_000064_000074.mp4
1259,washing feet,GzJNlwx222o,133,143,train,0,GzJNlwx222o_000133_000143.mp4
1260,washing feet,ilwHdIilLbg,339,349,train,0,ilwHdIilLbg_000339_000349.mp4
1261,washing feet,ebLt8UpTrJQ,386,396,train,0,ebLt8UpTrJQ_000386_000396.mp4
1262,washing feet,jTdzaugKUf4,418,428,train,0,jTdzaugKUf4_000418_000428.mp4
1263,washing feet,4iEYxFFGkcA,170,180,train,0,4iEYxFFGkcA_000170_000180.mp4
1264,washing feet,DOkXiAMV2AU,22,32,train,0,DOkXiAMV2AU_000022_000032.mp4
1265,washing feet,xoQnV6DGf3c,73,83,train,0,xoQnV6DGf3c_000073_000083.mp4
1266,washing feet,sySODAj8mvc,7,17,train,0,sySODAj8mvc_000007_000017.mp4
1267,washing feet,vNXzgxkgrkE,964,974,train,0,vNXzgxkgrkE_000964_000974.mp4
1268,washing feet,25ex3fwDUrU,301,311,train,0,25ex3fwDUrU_000301_000311.mp4
1269,washing feet,WIPsczJp_pU,87,97,train,0,WIPsczJp_pU_000087_000097.mp4
1270,washing feet,vIl2MOzatPI,191,201,train,0,vIl2MOzatPI_000191_000201.mp4
1271,washing feet,enJSrUKpKik,188,198,train,0,enJSrUKpKik_000188_000198.mp4
1272,washing feet,GgNFCPvvv2o,42,52,train,0,GgNFCPvvv2o_000042_000052.mp4
1273,washing feet,KvSrXwWKS68,314,324,train,0,KvSrXwWKS68_000314_000324.mp4
1274,washing feet,Ooo15HrwGOw,310,320,train,0,Ooo15HrwGOw_000310_000320.mp4
1275,washing feet,tsodOJ-2EIc,37,47,train,0,tsodOJ-2EIc_000037_000047.mp4
1276,washing feet,RtacejCT60c,113,123,train,0,RtacejCT60c_000113_000123.mp4
1277,washing feet,voOVWz0p6fI,195,205,train,0,voOVWz0p6fI_000195_000205.mp4
1278,washing feet,uWK3YX6RrQo,218,228,train,0,uWK3YX6RrQo_000218_000228.mp4
1279,washing feet,xINjocqYitI,130,140,train,0,xINjocqYitI_000130_000140.mp4
1280,washing feet,Fs-wcFNhyZ0,2,12,train,0,Fs-wcFNhyZ0_000002_000012.mp4
1281,washing feet,eBFXUxwcLrw,14,24,train,0,eBFXUxwcLrw_000014_000024.mp4
1282,washing feet,_Xr-JhN3m1w,124,134,train,0,_Xr-JhN3m1w_000124_000134.mp4
1283,washing feet,feNoivJwvm8,22,32,train,0,feNoivJwvm8_000022_000032.mp4
1284,washing feet,huJhAMhHt6U,130,140,train,0,huJhAMhHt6U_000130_000140.mp4
1285,washing feet,yGbJbOdUPEI,188,198,train,0,yGbJbOdUPEI_000188_000198.mp4
1286,washing feet,IMY6NsWIS0Y,49,59,train,0,IMY6NsWIS0Y_000049_000059.mp4
1287,washing feet,Im7zWFicyyk,51,61,train,0,Im7zWFicyyk_000051_000061.mp4
1288,washing feet,pd0Mk_ibTPM,96,106,train,0,pd0Mk_ibTPM_000096_000106.mp4
1289,washing feet,WBnzOXilosQ,861,871,train,0,WBnzOXilosQ_000861_000871.mp4
1290,washing feet,iqM0kjvTWGk,33,43,train,0,iqM0kjvTWGk_000033_000043.mp4
1291,washing feet,SPSlU7vYjzg,381,391,train,0,SPSlU7vYjzg_000381_000391.mp4
1292,washing feet,ru8wKwJg3LY,521,531,train,0,ru8wKwJg3LY_000521_000531.mp4
1293,washing feet,shZHx_2eh9c,1742,1752,train,0,shZHx_2eh9c_001742_001752.mp4
1294,washing feet,VhYoT_Fq5V8,2,12,train,0,VhYoT_Fq5V8_000002_000012.mp4
1295,washing feet,FMTh2WiP5q0,658,668,train,0,FMTh2WiP5q0_000658_000668.mp4
1296,washing feet,xQZ7CAhHccI,27,37,train,0,xQZ7CAhHccI_000027_000037.mp4
1297,washing feet,CSZ9WxEw62k,566,576,train,0,CSZ9WxEw62k_000566_000576.mp4
1298,washing feet,YtoXZ1iBEZc,102,112,train,0,YtoXZ1iBEZc_000102_000112.mp4
1299,washing feet,8gNBdzbQ8zE,1958,1968,train,0,8gNBdzbQ8zE_001958_001968.mp4
1300,washing feet,izyHEnMEwTw,169,179,train,0,izyHEnMEwTw_000169_000179.mp4
1301,washing feet,mPCeP5kMtfI,10,20,train,0,mPCeP5kMtfI_000010_000020.mp4
1302,washing feet,HQw0OTa1PJs,293,303,train,0,HQw0OTa1PJs_000293_000303.mp4
